geoid	state	county	name	type	parent_geoid	population	population_year	latitude	longitude	canonical_slug	source
2300102060	ME	Androscoggin County	Auburn	city		25200	2024	44.084537	-70.249649	me-auburn	census-gazetteer-2023-cousubs
2300119105	ME	Androscoggin County	Durham	town		4355	2024	43.956021	-70.132418	me-durham	census-gazetteer-2023-cousubs
2300129255	ME	Androscoggin County	Greene	town		4492	2024	44.189754	-70.145088	me-greene	census-gazetteer-2023-cousubs
2300138565	ME	Androscoggin County	Leeds	town		2362	2024	44.295351	-70.133074	me-leeds	census-gazetteer-2023-cousubs
2300138740	ME	Androscoggin County	Lewiston	city		38772	2024	44.089513	-70.172095	me-lewiston	census-gazetteer-2023-cousubs
2300140035	ME	Androscoggin County	Lisbon	town		9814	2024	44.019495	-70.078932	me-lisbon	census-gazetteer-2023-cousubs
2300140665	ME	Androscoggin County	Livermore	town		2190	2024	44.411638	-70.216186	me-livermore	census-gazetteer-2023-cousubs
2300140770	ME	Androscoggin County	Livermore Falls	town		3173	2024	44.445337	-70.138076	me-livermore-falls	census-gazetteer-2023-cousubs
2300144585	ME	Androscoggin County	Mechanic Falls	town		3196	2024	44.104897	-70.40468	me-mechanic-falls	census-gazetteer-2023-cousubs
2300146160	ME	Androscoggin County	Minot	town		2826	2024	44.13794	-70.336334	me-minot	census-gazetteer-2023-cousubs
2300160020	ME	Androscoggin County	Poland	town		6010	2024	44.048106	-70.393563	me-poland	census-gazetteer-2023-cousubs
2300164570	ME	Androscoggin County	Sabattus	town		5213	2024	44.093907	-70.07199	me-sabattus	census-gazetteer-2023-cousubs
2300177800	ME	Androscoggin County	Turner	town		6013	2024	44.267103	-70.246528	me-turner	census-gazetteer-2023-cousubs
2300179585	ME	Androscoggin County	Wales	town		1656	2024	44.150923	-70.062479	me-wales	census-gazetteer-2023-cousubs
2300300800	ME	Aroostook County	Allagash	town		233	2024	47.094144	-69.102951	me-allagash	census-gazetteer-2023-cousubs
2300301220	ME	Aroostook County	Amity	town		251	2024	45.91338	-67.84543	me-amity	census-gazetteer-2023-cousubs
2300301710	ME	Aroostook County	Ashland	town		1194	2024	46.650441	-68.388373	me-ashland	census-gazetteer-2023-cousubs
2300302762	ME	Aroostook County	Bancroft	unorganized_territory		57	2024	45.691841	-67.969109	me-bancroft	census-gazetteer-2023-cousubs
2300305385	ME	Aroostook County	Blaine	town		661	2024	46.487558	-67.847123	me-blaine	census-gazetteer-2023-cousubs
2300307065	ME	Aroostook County	Bridgewater	town		526	2024	46.413515	-67.849155	me-bridgewater	census-gazetteer-2023-cousubs
2300310565	ME	Aroostook County	Caribou	city		7328	2024	46.836549	-67.936056	me-caribou	census-gazetteer-2023-cousubs
2300311300	ME	Aroostook County	Castle Hill	town		369	2024	46.698386	-68.227161	me-castle-hill	census-gazetteer-2023-cousubs
2300311335	ME	Aroostook County	Caswell	town		291	2024	47.018066	-67.863579	me-caswell	census-gazetteer-2023-cousubs
2300311785	ME	Aroostook County	Central Aroostook	unorganized_territory		163	2024	46.391745	-68.206035	me-central-aroostook	census-gazetteer-2023-cousubs
2300312000	ME	Aroostook County	Chapman	town		494	2024	46.599297	-68.119375	me-chapman	census-gazetteer-2023-cousubs
2300313900	ME	Aroostook County	Connor	unorganized_territory		417	2024	47.009736	-67.992503	me-connor	census-gazetteer-2023-cousubs
2300315395	ME	Aroostook County	Crystal	town		246	2024	45.989099	-68.383586	me-crystal	census-gazetteer-2023-cousubs
2300315990	ME	Aroostook County	Cyr	plantation		78	2024	47.080985	-68.005154	me-cyr	census-gazetteer-2023-cousubs
2300319210	ME	Aroostook County	Dyer Brook	town		214	2024	46.092111	-68.249582	me-dyer-brook	census-gazetteer-2023-cousubs
2300319420	ME	Aroostook County	Eagle Lake	town		758	2024	47.058382	-68.656154	me-eagle-lake	census-gazetteer-2023-cousubs
2300321380	ME	Aroostook County	Easton	town		1318	2024	46.633304	-67.847623	me-easton	census-gazetteer-2023-cousubs
2300325615	ME	Aroostook County	Fort Fairfield	town		3293	2024	46.776241	-67.859197	me-fort-fairfield	census-gazetteer-2023-cousubs
2300325755	ME	Aroostook County	Fort Kent	town		4159	2024	47.235342	-68.565743	me-fort-kent	census-gazetteer-2023-cousubs
2300326735	ME	Aroostook County	Frenchville	town		1030	2024	47.274118	-68.39823	me-frenchville	census-gazetteer-2023-cousubs
2300327120	ME	Aroostook County	Garfield	plantation		79	2024	46.606939	-68.508949	me-garfield	census-gazetteer-2023-cousubs
2300327855	ME	Aroostook County	Glenwood	plantation		4	2024	45.809827	-68.101716	me-glenwood	census-gazetteer-2023-cousubs
2300328590	ME	Aroostook County	Grand Isle	town		362	2024	47.251015	-68.142962	me-grand-isle	census-gazetteer-2023-cousubs
2300330690	ME	Aroostook County	Hamlin	town		163	2024	47.077995	-67.884553	me-hamlin	census-gazetteer-2023-cousubs
2300330725	ME	Aroostook County	Hammond	town		92	2024	46.226797	-67.974831	me-hammond	census-gazetteer-2023-cousubs
2300332195	ME	Aroostook County	Haynesville	town		102	2024	45.783122	-67.992786	me-haynesville	census-gazetteer-2023-cousubs
2300332685	ME	Aroostook County	Hersey	town		78	2024	46.077059	-68.357939	me-hersey	census-gazetteer-2023-cousubs
2300333385	ME	Aroostook County	Hodgdon	town		1306	2024	46.049696	-67.83045	me-hodgdon	census-gazetteer-2023-cousubs
2300333980	ME	Aroostook County	Houlton	town		6005	2024	46.140385	-67.842346	me-houlton	census-gazetteer-2023-cousubs
2300335065	ME	Aroostook County	Island Falls	town		749	2024	45.985807	-68.202775	me-island-falls	census-gazetteer-2023-cousubs
2300339300	ME	Aroostook County	Limestone	town		1496	2024	46.90692	-67.863006	me-limestone	census-gazetteer-2023-cousubs
2300339965	ME	Aroostook County	Linneus	town		955	2024	46.050372	-67.972196	me-linneus	census-gazetteer-2023-cousubs
2300340595	ME	Aroostook County	Littleton	town		1007	2024	46.235924	-67.843331	me-littleton	census-gazetteer-2023-cousubs
2300341715	ME	Aroostook County	Ludlow	town		442	2024	46.162277	-67.968413	me-ludlow	census-gazetteer-2023-cousubs
2300342450	ME	Aroostook County	Macwahoc	plantation		62	2024	45.632828	-68.240101	me-macwahoc	census-gazetteer-2023-cousubs
2300342520	ME	Aroostook County	Madawaska	town		3844	2024	47.293298	-68.251809	me-madawaska	census-gazetteer-2023-cousubs
2300343255	ME	Aroostook County	Mapleton	town		1905	2024	46.702008	-68.112001	me-mapleton	census-gazetteer-2023-cousubs
2300343710	ME	Aroostook County	Mars Hill	town		1317	2024	46.559272	-67.853225	me-mars-hill	census-gazetteer-2023-cousubs
2300343990	ME	Aroostook County	Masardis	town		203	2024	46.51904	-68.375609	me-masardis	census-gazetteer-2023-cousubs
2300345180	ME	Aroostook County	Merrill	town		209	2024	46.170677	-68.267045	me-merrill	census-gazetteer-2023-cousubs
2300346685	ME	Aroostook County	Monticello	town		729	2024	46.328516	-67.847144	me-monticello	census-gazetteer-2023-cousubs
2300347175	ME	Aroostook County	Moro	plantation		43	2024	46.170094	-68.376944	me-moro	census-gazetteer-2023-cousubs
2300348120	ME	Aroostook County	Nashville	plantation		26	2024	46.6978	-68.495806	me-nashville	census-gazetteer-2023-cousubs
2300348575	ME	Aroostook County	New Canada	town		311	2024	47.162287	-68.486164	me-new-canada	census-gazetteer-2023-cousubs
2300348960	ME	Aroostook County	New Limerick	town		564	2024	46.117239	-67.975572	me-new-limerick	census-gazetteer-2023-cousubs
2300349415	ME	Aroostook County	New Sweden	town		572	2024	46.976391	-68.114962	me-new-sweden	census-gazetteer-2023-cousubs
2300353602	ME	Aroostook County	Northwest Aroostook	unorganized_territory		10	2024	46.858603	-69.175273	me-northwest-aroostook	census-gazetteer-2023-cousubs
2300354385	ME	Aroostook County	Oakfield	town		659	2024	46.07385	-68.113532	me-oakfield	census-gazetteer-2023-cousubs
2300355435	ME	Aroostook County	Orient	town		152	2024	45.821723	-67.854639	me-orient	census-gazetteer-2023-cousubs
2300358060	ME	Aroostook County	Perham	town		380	2024	46.892463	-68.21578	me-perham	census-gazetteer-2023-cousubs
2300360300	ME	Aroostook County	Portage Lake	town		362	2024	46.786858	-68.492901	me-portage-lake	census-gazetteer-2023-cousubs
2300360825	ME	Aroostook County	Presque Isle	city		8728	2024	46.688952	-67.991914	me-presque-isle	census-gazetteer-2023-cousubs
2300362400	ME	Aroostook County	Reed	plantation		125	2024	45.692096	-68.089079	me-reed	census-gazetteer-2023-cousubs
2300364780	ME	Aroostook County	St. Agatha	town		733	2024	47.235719	-68.317362	me-st-agatha	census-gazetteer-2023-cousubs
2300365025	ME	Aroostook County	St. Francis	town		431	2024	47.134354	-68.865073	me-st-francis	census-gazetteer-2023-cousubs
2300365200	ME	Aroostook County	St. John	plantation		263	2024	47.160789	-68.731119	me-st-john	census-gazetteer-2023-cousubs
2300367790	ME	Aroostook County	Sherman	town		807	2024	45.890013	-68.359345	me-sherman	census-gazetteer-2023-cousubs
2300369260	ME	Aroostook County	Smyrna	town		453	2024	46.161477	-68.103678	me-smyrna	census-gazetteer-2023-cousubs
2300369930	ME	Aroostook County	South Aroostook	unorganized_territory		574	2024	45.823219	-68.193539	me-south-aroostook	census-gazetteer-2023-cousubs
2300373472	ME	Aroostook County	Square Lake	unorganized_territory		696	2024	47.004775	-68.38689	me-square-lake	census-gazetteer-2023-cousubs
2300374405	ME	Aroostook County	Stockholm	town		249	2024	47.069005	-68.122913	me-stockholm	census-gazetteer-2023-cousubs
2300378570	ME	Aroostook County	Van Buren	town		1999	2024	47.180675	-68.008322	me-van-buren	census-gazetteer-2023-cousubs
2300379270	ME	Aroostook County	Wade	town		232	2024	46.795774	-68.248643	me-wade	census-gazetteer-2023-cousubs
2300379865	ME	Aroostook County	Wallagrass	town		513	2024	47.150199	-68.613495	me-wallagrass	census-gazetteer-2023-cousubs
2300380285	ME	Aroostook County	Washburn	town		1510	2024	46.791559	-68.109755	me-washburn	census-gazetteer-2023-cousubs
2300382770	ME	Aroostook County	Westfield	town		462	2024	46.533465	-67.966076	me-westfield	census-gazetteer-2023-cousubs
2300383540	ME	Aroostook County	Westmanland	town		81	2024	46.975129	-68.247248	me-westmanland	census-gazetteer-2023-cousubs
2300383785	ME	Aroostook County	Weston	town		241	2024	45.722558	-67.865379	me-weston	census-gazetteer-2023-cousubs
2300386865	ME	Aroostook County	Winterville	plantation		195	2024	46.969122	-68.630225	me-winterville	census-gazetteer-2023-cousubs
2300387215	ME	Aroostook County	Woodland	town		1216	2024	46.884058	-68.119508	me-woodland	census-gazetteer-2023-cousubs
2300502655	ME	Cumberland County	Baldwin	town		1627	2024	43.839321	-70.744838	me-baldwin	census-gazetteer-2023-cousubs
2300507170	ME	Cumberland County	Bridgton	town		5896	2024	44.047513	-70.743319	me-bridgton	census-gazetteer-2023-cousubs
2300508430	ME	Cumberland County	Brunswick	town		22631	2024	43.896431	-69.973487	me-brunswick	census-gazetteer-2023-cousubs
2300510180	ME	Cumberland County	Cape Elizabeth	town		9688	2024	43.567335	-70.203509	me-cape-elizabeth	census-gazetteer-2023-cousubs
2300511125	ME	Cumberland County	Casco	town		3741	2024	43.951979	-70.513228	me-casco	census-gazetteer-2023-cousubs
2300512300	ME	Cumberland County	Chebeague Island	town		401	2024	43.73532	-70.081008	me-chebeague-island	census-gazetteer-2023-cousubs
2300515430	ME	Cumberland County	Cumberland	town		8832	2024	43.78712	-70.251154	me-cumberland	census-gazetteer-2023-cousubs
2300524495	ME	Cumberland County	Falmouth	town		12919	2024	43.740472	-70.277172	me-falmouth	census-gazetteer-2023-cousubs
2300526525	ME	Cumberland County	Freeport	town		8877	2024	43.844826	-70.089953	me-freeport	census-gazetteer-2023-cousubs
2300527025	ME	Cumberland County	Frye Island	town		29	2024	43.835698	-70.520206	me-frye-island	census-gazetteer-2023-cousubs
2300528240	ME	Cumberland County	Gorham	town		18545	2024	43.701353	-70.462982	me-gorham	census-gazetteer-2023-cousubs
2300528870	ME	Cumberland County	Gray	town		8583	2024	43.90492	-70.367727	me-gray	census-gazetteer-2023-cousubs
2300531390	ME	Cumberland County	Harpswell	town		5074	2024	43.733675	-69.971397	me-harpswell	census-gazetteer-2023-cousubs
2300531600	ME	Cumberland County	Harrison	town		2588	2024	44.102687	-70.652388	me-harrison	census-gazetteer-2023-cousubs
2300541067	ME	Cumberland County	Long Island	town		233	2024	43.676936	-70.154756	me-long-island	census-gazetteer-2023-cousubs
2300548085	ME	Cumberland County	Naples	town		4062	2024	43.975769	-70.639298	me-naples	census-gazetteer-2023-cousubs
2300548820	ME	Cumberland County	New Gloucester	town		5861	2024	43.957508	-70.296011	me-new-gloucester	census-gazetteer-2023-cousubs
2300553860	ME	Cumberland County	North Yarmouth	town		4362	2024	43.845606	-70.241251	me-north-yarmouth	census-gazetteer-2023-cousubs
2300560545	ME	Cumberland County	Portland	city		69568	2024	43.633157	-70.185305	me-portland	census-gazetteer-2023-cousubs
2300560685	ME	Cumberland County	Pownal	town		1624	2024	43.903914	-70.182018	me-pownal	census-gazetteer-2023-cousubs
2300561945	ME	Cumberland County	Raymond	town		4662	2024	43.917583	-70.46845	me-raymond	census-gazetteer-2023-cousubs
2300566145	ME	Cumberland County	Scarborough	town		24010	2024	43.571203	-70.33417	me-scarborough	census-gazetteer-2023-cousubs
2300566775	ME	Cumberland County	Sebago	town		1969	2024	43.887546	-70.655358	me-sebago	census-gazetteer-2023-cousubs
2300571990	ME	Cumberland County	South Portland	city		26994	2024	43.631402	-70.285989	me-south-portland	census-gazetteer-2023-cousubs
2300573670	ME	Cumberland County	Standish	town		10897	2024	43.775497	-70.58199	me-standish	census-gazetteer-2023-cousubs
2300582105	ME	Cumberland County	Westbrook	city		21386	2024	43.70792	-70.352602	me-westbrook	census-gazetteer-2023-cousubs
2300586025	ME	Cumberland County	Windham	town		19690	2024	43.794689	-70.405329	me-windham	census-gazetteer-2023-cousubs
2300587845	ME	Cumberland County	Yarmouth	town		9060	2024	43.788137	-70.156478	me-yarmouth	census-gazetteer-2023-cousubs
2300702235	ME	Franklin County	Avon	town		452	2024	44.777011	-70.307987	me-avon	census-gazetteer-2023-cousubs
2300710740	ME	Franklin County	Carrabassett Valley	town		709	2024	45.064344	-70.272749	me-carrabassett-valley	census-gazetteer-2023-cousubs
2300710915	ME	Franklin County	Carthage	town		513	2024	44.599474	-70.410737	me-carthage	census-gazetteer-2023-cousubs
2300712595	ME	Franklin County	Chesterville	town		1381	2024	44.538661	-70.109478	me-chesterville	census-gazetteer-2023-cousubs
2300714205	ME	Franklin County	Coplin	plantation		134	2024	45.093841	-70.470265	me-coplin	census-gazetteer-2023-cousubs
2300716165	ME	Franklin County	Dallas	plantation		312	2024	44.981859	-70.591503	me-dallas	census-gazetteer-2023-cousubs
2300719865	ME	Franklin County	East Central Franklin	unorganized_territory		816	2024	44.973365	-70.323764	me-east-central-franklin	census-gazetteer-2023-cousubs
2300724005	ME	Franklin County	Eustis	town		674	2024	45.181373	-70.508044	me-eustis	census-gazetteer-2023-cousubs
2300724775	ME	Franklin County	Farmington	town		8320	2024	44.676935	-70.141491	me-farmington	census-gazetteer-2023-cousubs
2300734820	ME	Franklin County	Industry	town		808	2024	44.751142	-70.049084	me-industry	census-gazetteer-2023-cousubs
2300735625	ME	Franklin County	Jay	town		4674	2024	44.516897	-70.202187	me-jay	census-gazetteer-2023-cousubs
2300737025	ME	Franklin County	Kingfield	town		1015	2024	44.97604	-70.194381	me-kingfield	census-gazetteer-2023-cousubs
2300749345	ME	Franklin County	New Sharon	town		1582	2024	44.650201	-70.00031	me-new-sharon	census-gazetteer-2023-cousubs
2300749520	ME	Franklin County	New Vineyard	town		768	2024	44.798568	-70.096757	me-new-vineyard	census-gazetteer-2023-cousubs
2300751400	ME	Franklin County	North Franklin	unorganized_territory		40	2024	45.288785	-70.632056	me-north-franklin	census-gazetteer-2023-cousubs
2300758445	ME	Franklin County	Phillips	town		940	2024	44.84184	-70.369652	me-phillips	census-gazetteer-2023-cousubs
2300761840	ME	Franklin County	Rangeley	town		1322	2024	44.969379	-70.724751	me-rangeley	census-gazetteer-2023-cousubs
2300761875	ME	Franklin County	Rangeley	plantation		183	2024	44.867552	-70.684033	me-rangeley-2	census-gazetteer-2023-cousubs
2300765655	ME	Franklin County	Sandy River	plantation		129	2024	44.912593	-70.538905	me-sandy-river	census-gazetteer-2023-cousubs
2300770760	ME	Franklin County	South Franklin	unorganized_territory		59	2024	44.649055	-70.340818	me-south-franklin	census-gazetteer-2023-cousubs
2300774825	ME	Franklin County	Strong	town		1128	2024	44.786174	-70.208555	me-strong	census-gazetteer-2023-cousubs
2300775980	ME	Franklin County	Temple	town		551	2024	44.696586	-70.267203	me-temple	census-gazetteer-2023-cousubs
2300781300	ME	Franklin County	Weld	town		421	2024	44.687468	-70.449287	me-weld	census-gazetteer-2023-cousubs
2300782235	ME	Franklin County	West Central Franklin	unorganized_territory		0	2024	44.785649	-70.535355	me-west-central-franklin	census-gazetteer-2023-cousubs
2300785850	ME	Franklin County	Wilton	town		3889	2024	44.627562	-70.248845	me-wilton	census-gazetteer-2023-cousubs
2300787680	ME	Franklin County	Wyman	unorganized_territory		82	2024	45.135796	-70.350916	me-wyman	census-gazetteer-2023-cousubs
2300901185	ME	Hancock County	Amherst	town		260	2024	44.869886	-68.400456	me-amherst	census-gazetteer-2023-cousubs
2300902165	ME	Hancock County	Aurora	town		94	2024	44.875134	-68.266883	me-aurora	census-gazetteer-2023-cousubs
2300902865	ME	Hancock County	Bar Harbor	town		5326	2024	44.39747	-68.263808	me-bar-harbor	census-gazetteer-2023-cousubs
2300905700	ME	Hancock County	Blue Hill	town		2810	2024	44.402138	-68.527718	me-blue-hill	census-gazetteer-2023-cousubs
2300907800	ME	Hancock County	Brooklin	town		830	2024	44.258353	-68.546323	me-brooklin	census-gazetteer-2023-cousubs
2300907975	ME	Hancock County	Brooksville	town		932	2024	44.351193	-68.759327	me-brooksville	census-gazetteer-2023-cousubs
2300908815	ME	Hancock County	Bucksport	town		5039	2024	44.642021	-68.759665	me-bucksport	census-gazetteer-2023-cousubs
2300911265	ME	Hancock County	Castine	town		1361	2024	44.409006	-68.815533	me-castine	census-gazetteer-2023-cousubs
2300911800	ME	Hancock County	Central Hancock	unorganized_territory		131	2024	44.611755	-68.365664	me-central-hancock	census-gazetteer-2023-cousubs
2300914905	ME	Hancock County	Cranberry Isles	town		161	2024	44.258683	-68.22661	me-cranberry-isles	census-gazetteer-2023-cousubs
2300916935	ME	Hancock County	Dedham	town		1658	2024	44.700892	-68.557958	me-dedham	census-gazetteer-2023-cousubs
2300917145	ME	Hancock County	Deer Isle	town		2133	2024	44.230534	-68.791797	me-deer-isle	census-gazetteer-2023-cousubs
2300919770	ME	Hancock County	Eastbrook	town		432	2024	44.674153	-68.223137	me-eastbrook	census-gazetteer-2023-cousubs
2300920405	ME	Hancock County	East Hancock	unorganized_territory		79	2024	44.95395	-68.165082	me-east-hancock	census-gazetteer-2023-cousubs
2300923200	ME	Hancock County	Ellsworth	city		8822	2024	44.58293	-68.480094	me-ellsworth	census-gazetteer-2023-cousubs
2300926350	ME	Hancock County	Franklin	town		1642	2024	44.600546	-68.244478	me-franklin	census-gazetteer-2023-cousubs
2300926595	ME	Hancock County	Frenchboro	town		30	2024	44.150229	-68.247902	me-frenchboro	census-gazetteer-2023-cousubs
2300928450	ME	Hancock County	Gouldsboro	town		1753	2024	44.431488	-68.076843	me-gouldsboro	census-gazetteer-2023-cousubs
2300928975	ME	Hancock County	Great Pond	town		62	2024	44.95049	-68.305088	me-great-pond	census-gazetteer-2023-cousubs
2300930970	ME	Hancock County	Hancock	town		2544	2024	44.524572	-68.28525	me-hancock	census-gazetteer-2023-cousubs
2300938180	ME	Hancock County	Lamoine	town		1799	2024	44.491988	-68.320056	me-lamoine	census-gazetteer-2023-cousubs
2300943430	ME	Hancock County	Mariaville	town		499	2024	44.74601	-68.38631	me-mariaville	census-gazetteer-2023-cousubs
2300943578	ME	Hancock County	Marshall Island	unorganized_territory		0	2024	44.113534	-68.506251	me-marshall-island	census-gazetteer-2023-cousubs
2300947630	ME	Hancock County	Mount Desert	town		2207	2024	44.333639	-68.330405	me-mount-desert	census-gazetteer-2023-cousubs
2300953620	ME	Hancock County	Northwest Hancock	unorganized_territory		4	2024	44.935814	-68.434126	me-northwest-hancock	census-gazetteer-2023-cousubs
2300955505	ME	Hancock County	Orland	town		2230	2024	44.57632	-68.669915	me-orland	census-gazetteer-2023-cousubs
2300955855	ME	Hancock County	Osborn	town		65	2024	44.796052	-68.24484	me-osborn	census-gazetteer-2023-cousubs
2300955890	ME	Hancock County	Otis	town		668	2024	44.721506	-68.490097	me-otis	census-gazetteer-2023-cousubs
2300957920	ME	Hancock County	Penobscot	town		1152	2024	44.482703	-68.705997	me-penobscot	census-gazetteer-2023-cousubs
2300967300	ME	Hancock County	Sedgwick	town		1202	2024	44.34688	-68.634365	me-sedgwick	census-gazetteer-2023-cousubs
2300969750	ME	Hancock County	Sorrento	town		278	2024	44.476327	-68.179987	me-sorrento	census-gazetteer-2023-cousubs
2300972865	ME	Hancock County	Southwest Harbor	town		1846	2024	44.257451	-68.312819	me-southwest-harbor	census-gazetteer-2023-cousubs
2300974580	ME	Hancock County	Stonington	town		1057	2024	44.150464	-68.645327	me-stonington	census-gazetteer-2023-cousubs
2300974965	ME	Hancock County	Sullivan	town		1273	2024	44.53489	-68.153447	me-sullivan	census-gazetteer-2023-cousubs
2300975280	ME	Hancock County	Surry	town		1681	2024	44.467462	-68.507329	me-surry	census-gazetteer-2023-cousubs
2300975455	ME	Hancock County	Swans Island	town		360	2024	44.127387	-68.441173	me-swans-island	census-gazetteer-2023-cousubs
2300977345	ME	Hancock County	Tremont	town		1544	2024	44.257024	-68.458219	me-tremont	census-gazetteer-2023-cousubs
2300977415	ME	Hancock County	Trenton	town		1643	2024	44.46554	-68.3909	me-trenton	census-gazetteer-2023-cousubs
2300978925	ME	Hancock County	Verona Island	town		514	2024	44.535536	-68.780694	me-verona-island	census-gazetteer-2023-cousubs
2300980040	ME	Hancock County	Waltham	town		343	2024	44.664168	-68.31164	me-waltham	census-gazetteer-2023-cousubs
2300986655	ME	Hancock County	Winter Harbor	town		482	2024	44.353843	-68.138455	me-winter-harbor	census-gazetteer-2023-cousubs
2301100590	ME	Kennebec County	Albion	town		2091	2024	44.508426	-69.445189	me-albion	census-gazetteer-2023-cousubs
2301102100	ME	Kennebec County	Augusta	city		19168	2024	44.334904	-69.734199	me-augusta	census-gazetteer-2023-cousubs
2301104020	ME	Kennebec County	Belgrade	town		3513	2024	44.523092	-69.837575	me-belgrade	census-gazetteer-2023-cousubs
2301104475	ME	Kennebec County	Benton	town		2806	2024	44.590818	-69.517944	me-benton	census-gazetteer-2023-cousubs
2301112350	ME	Kennebec County	Chelsea	town		2829	2024	44.266409	-69.730202	me-chelsea	census-gazetteer-2023-cousubs
2301112735	ME	Kennebec County	China	town		4599	2024	44.414473	-69.535271	me-china	census-gazetteer-2023-cousubs
2301113470	ME	Kennebec County	Clinton	town		3387	2024	44.665474	-69.540766	me-clinton	census-gazetteer-2023-cousubs
2301124670	ME	Kennebec County	Farmingdale	town		3029	2024	44.260548	-69.827805	me-farmingdale	census-gazetteer-2023-cousubs
2301124950	ME	Kennebec County	Fayette	town		1257	2024	44.434007	-70.067034	me-fayette	census-gazetteer-2023-cousubs
2301127085	ME	Kennebec County	Gardiner	city		6160	2024	44.195091	-69.793771	me-gardiner	census-gazetteer-2023-cousubs
2301130550	ME	Kennebec County	Hallowell	city		2619	2024	44.287241	-69.81804	me-hallowell	census-gazetteer-2023-cousubs
2301140175	ME	Kennebec County	Litchfield	town		3750	2024	44.172142	-69.9345	me-litchfield	census-gazetteer-2023-cousubs
2301143080	ME	Kennebec County	Manchester	town		2491	2024	44.342427	-69.861935	me-manchester	census-gazetteer-2023-cousubs
2301146405	ME	Kennebec County	Monmouth	town		4236	2024	44.233505	-70.014723	me-monmouth	census-gazetteer-2023-cousubs
2301147770	ME	Kennebec County	Mount Vernon	town		1814	2024	44.466488	-69.96045	me-mount-vernon	census-gazetteer-2023-cousubs
2301154560	ME	Kennebec County	Oakland	town		6351	2024	44.579276	-69.733234	me-oakland	census-gazetteer-2023-cousubs
2301159110	ME	Kennebec County	Pittston	town		3305	2024	44.179508	-69.703922	me-pittston	census-gazetteer-2023-cousubs
2301161700	ME	Kennebec County	Randolph	town		1773	2024	44.237286	-69.751247	me-randolph	census-gazetteer-2023-cousubs
2301162190	ME	Kennebec County	Readfield	town		2709	2024	44.384388	-69.9502	me-readfield	census-gazetteer-2023-cousubs
2301163835	ME	Kennebec County	Rome	town		1179	2024	44.570508	-69.893086	me-rome	census-gazetteer-2023-cousubs
2301168385	ME	Kennebec County	Sidney	town		4904	2024	44.438249	-69.755699	me-sidney	census-gazetteer-2023-cousubs
2301178190	ME	Kennebec County	Unity	unorganized_territory		39	2024	44.628918	-69.428881	me-unity	census-gazetteer-2023-cousubs
2301178745	ME	Kennebec County	Vassalboro	town		4653	2024	44.429335	-69.648294	me-vassalboro	census-gazetteer-2023-cousubs
2301179025	ME	Kennebec County	Vienna	town		610	2024	44.554819	-69.999683	me-vienna	census-gazetteer-2023-cousubs
2301180740	ME	Kennebec County	Waterville	city		17336	2024	44.545285	-69.661396	me-waterville	census-gazetteer-2023-cousubs
2301180880	ME	Kennebec County	Wayne	town		1158	2024	44.34155	-70.067985	me-wayne	census-gazetteer-2023-cousubs
2301182945	ME	Kennebec County	West Gardiner	town		3700	2024	44.224584	-69.875512	me-west-gardiner	census-gazetteer-2023-cousubs
2301186165	ME	Kennebec County	Windsor	town		2736	2024	44.315485	-69.571186	me-windsor	census-gazetteer-2023-cousubs
2301186515	ME	Kennebec County	Winslow	town		8072	2024	44.52385	-69.577179	me-winslow	census-gazetteer-2023-cousubs
2301186970	ME	Kennebec County	Winthrop	town		6187	2024	44.309991	-69.963093	me-winthrop	census-gazetteer-2023-cousubs
2301301465	ME	Knox County	Appleton	town		1452	2024	44.297856	-69.270421	me-appleton	census-gazetteer-2023-cousubs
2301309725	ME	Knox County	Camden	town		5189	2024	44.222343	-69.063056	me-camden	census-gazetteer-2023-cousubs
2301315125	ME	Knox County	Criehaven	unorganized_territory		4	2024	43.817867	-68.879255	me-criehaven	census-gazetteer-2023-cousubs
2301315780	ME	Knox County	Cushing	town		1483	2024	44.013922	-69.258706	me-cushing	census-gazetteer-2023-cousubs
2301326805	ME	Knox County	Friendship	town		1152	2024	43.953079	-69.346602	me-friendship	census-gazetteer-2023-cousubs
2301333840	ME	Knox County	Hope	town		1726	2024	44.241178	-69.188513	me-hope	census-gazetteer-2023-cousubs
2301335135	ME	Knox County	Isle au Haut	town		85	2024	44.046559	-68.626888	me-isle-au-haut	census-gazetteer-2023-cousubs
2301344165	ME	Knox County	Matinicus Isle	plantation		50	2024	43.863101	-68.901934	me-matinicus-isle	census-gazetteer-2023-cousubs
2301347962	ME	Knox County	Muscle Ridge Islands	unorganized_territory		5	2024	44.042045	-69.038514	me-muscle-ridge-islands	census-gazetteer-2023-cousubs
2301351620	ME	Knox County	North Haven	town		424	2024	44.102333	-68.953425	me-north-haven	census-gazetteer-2023-cousubs
2301356135	ME	Knox County	Owls Head	town		1503	2024	44.065328	-69.074978	me-owls-head	census-gazetteer-2023-cousubs
2301363590	ME	Knox County	Rockland	city		7060	2024	44.123883	-69.130452	me-rockland	census-gazetteer-2023-cousubs
2301363660	ME	Knox County	Rockport	town		3653	2024	44.169677	-69.093294	me-rockport	census-gazetteer-2023-cousubs
2301365130	ME	Knox County	St. George	town		2592	2024	43.90884	-69.23319	me-st-george	census-gazetteer-2023-cousubs
2301372585	ME	Knox County	South Thomaston	town		1524	2024	44.040234	-69.133706	me-south-thomaston	census-gazetteer-2023-cousubs
2301376365	ME	Knox County	Thomaston	town		2751	2024	44.107714	-69.171425	me-thomaston	census-gazetteer-2023-cousubs
2301378115	ME	Knox County	Union	town		2437	2024	44.229426	-69.287119	me-union	census-gazetteer-2023-cousubs
2301379130	ME	Knox County	Vinalhaven	town		1259	2024	44.021601	-68.793479	me-vinalhaven	census-gazetteer-2023-cousubs
2301380215	ME	Knox County	Warren	town		5060	2024	44.12801	-69.243885	me-warren	census-gazetteer-2023-cousubs
2301380425	ME	Knox County	Washington	town		1572	2024	44.260639	-69.391524	me-washington	census-gazetteer-2023-cousubs
2301501010	ME	Lincoln County	Alna	town		741	2024	44.098468	-69.629176	me-alna	census-gazetteer-2023-cousubs
2301506050	ME	Lincoln County	Boothbay	town		3153	2024	43.79663	-69.599095	me-boothbay	census-gazetteer-2023-cousubs
2301506120	ME	Lincoln County	Boothbay Harbor	town		2085	2024	43.852965	-69.637364	me-boothbay-harbor	census-gazetteer-2023-cousubs
2301506855	ME	Lincoln County	Bremen	town		848	2024	43.98007	-69.430381	me-bremen	census-gazetteer-2023-cousubs
2301507485	ME	Lincoln County	Bristol	town		2964	2024	43.892087	-69.473191	me-bristol	census-gazetteer-2023-cousubs
2301516235	ME	Lincoln County	Damariscotta	town		2307	2024	44.022351	-69.490756	me-damariscotta	census-gazetteer-2023-cousubs
2301518475	ME	Lincoln County	Dresden	town		1794	2024	44.086173	-69.736988	me-dresden	census-gazetteer-2023-cousubs
2301522675	ME	Lincoln County	Edgecomb	town		1217	2024	43.975989	-69.610952	me-edgecomb	census-gazetteer-2023-cousubs
2301532715	ME	Lincoln County	Hibberts	unorganized_territory		1	2024	44.32574	-69.427015	me-hibberts	census-gazetteer-2023-cousubs
2301535695	ME	Lincoln County	Jefferson	town		2709	2024	44.171598	-69.514591	me-jefferson	census-gazetteer-2023-cousubs
2301541280	ME	Lincoln County	Louds Island	unorganized_territory		2	2024	43.910185	-69.40044	me-louds-island	census-gazetteer-2023-cousubs
2301546335	ME	Lincoln County	Monhegan	plantation		63	2024	43.758927	-69.318946	me-monhegan	census-gazetteer-2023-cousubs
2301548645	ME	Lincoln County	Newcastle	town		1900	2024	44.052277	-69.567522	me-newcastle	census-gazetteer-2023-cousubs
2301549660	ME	Lincoln County	Nobleboro	town		1899	2024	44.101248	-69.482658	me-nobleboro	census-gazetteer-2023-cousubs
2301569645	ME	Lincoln County	Somerville	town		625	2024	44.289274	-69.485747	me-somerville	census-gazetteer-2023-cousubs
2301570240	ME	Lincoln County	South Bristol	town		1140	2024	43.882169	-69.54954	me-south-bristol	census-gazetteer-2023-cousubs
2301571955	ME	Lincoln County	Southport	town		635	2024	43.813339	-69.662868	me-southport	census-gazetteer-2023-cousubs
2301579550	ME	Lincoln County	Waldoboro	town		5296	2024	44.122085	-69.383353	me-waldoboro	census-gazetteer-2023-cousubs
2301584140	ME	Lincoln County	Westport Island	town		750	2024	43.904608	-69.699233	me-westport-island	census-gazetteer-2023-cousubs
2301585010	ME	Lincoln County	Whitefield	town		2411	2024	44.198014	-69.619689	me-whitefield	census-gazetteer-2023-cousubs
2301587075	ME	Lincoln County	Wiscasset	town		3951	2024	44.014779	-69.688647	me-wiscasset	census-gazetteer-2023-cousubs
2301701325	ME	Oxford County	Andover	town		895	2024	44.591234	-70.772424	me-andover	census-gazetteer-2023-cousubs
2301704825	ME	Oxford County	Bethel	town		2718	2024	44.444449	-70.74979	me-bethel	census-gazetteer-2023-cousubs
2301708150	ME	Oxford County	Brownfield	town		1710	2024	43.930799	-70.918584	me-brownfield	census-gazetteer-2023-cousubs
2301708710	ME	Oxford County	Buckfield	town		2097	2024	44.260574	-70.367129	me-buckfield	census-gazetteer-2023-cousubs
2301709550	ME	Oxford County	Byron	town		105	2024	44.702596	-70.647585	me-byron	census-gazetteer-2023-cousubs
2301710005	ME	Oxford County	Canton	town		1118	2024	44.490587	-70.294547	me-canton	census-gazetteer-2023-cousubs
2301717250	ME	Oxford County	Denmark	town		1242	2024	43.996209	-70.813737	me-denmark	census-gazetteer-2023-cousubs
2301717740	ME	Oxford County	Dixfield	town		2312	2024	44.533546	-70.394959	me-dixfield	census-gazetteer-2023-cousubs
2301726910	ME	Oxford County	Fryeburg	town		3563	2024	44.043248	-70.934046	me-fryeburg	census-gazetteer-2023-cousubs
2301727505	ME	Oxford County	Gilead	town		199	2024	44.402512	-70.943219	me-gilead	census-gazetteer-2023-cousubs
2301729710	ME	Oxford County	Greenwood	town		773	2024	44.345792	-70.655701	me-greenwood	census-gazetteer-2023-cousubs
2301731110	ME	Oxford County	Hanover	town		304	2024	44.4945	-70.734421	me-hanover	census-gazetteer-2023-cousubs
2301731670	ME	Oxford County	Hartford	town		1253	2024	44.394367	-70.331403	me-hartford	census-gazetteer-2023-cousubs
2301732370	ME	Oxford County	Hebron	town		1277	2024	44.209257	-70.388878	me-hebron	census-gazetteer-2023-cousubs
2301733315	ME	Oxford County	Hiram	town		1703	2024	43.848997	-70.830764	me-hiram	census-gazetteer-2023-cousubs
2301739422	ME	Oxford County	Lincoln	plantation		41	2024	44.951189	-70.983812	me-lincoln	census-gazetteer-2023-cousubs
2301741365	ME	Oxford County	Lovell	town		1157	2024	44.192471	-70.885803	me-lovell	census-gazetteer-2023-cousubs
2301745285	ME	Oxford County	Mexico	town		2791	2024	44.55316	-70.495015	me-mexico	census-gazetteer-2023-cousubs
2301746105	ME	Oxford County	Milton	unorganized_territory		151	2024	44.458505	-70.600696	me-milton	census-gazetteer-2023-cousubs
2301749275	ME	Oxford County	Newry	town		429	2024	44.520279	-70.856349	me-newry	census-gazetteer-2023-cousubs
2301752575	ME	Oxford County	North Oxford	unorganized_territory		66	2024	44.913134	-70.922497	me-north-oxford	census-gazetteer-2023-cousubs
2301754000	ME	Oxford County	Norway	town		5326	2024	44.225867	-70.610021	me-norway	census-gazetteer-2023-cousubs
2301755960	ME	Oxford County	Otisfield	town		1885	2024	44.09062	-70.549419	me-otisfield	census-gazetteer-2023-cousubs
2301756310	ME	Oxford County	Oxford	town		4399	2024	44.144938	-70.473215	me-oxford	census-gazetteer-2023-cousubs
2301756625	ME	Oxford County	Paris	town		5379	2024	44.248001	-70.490816	me-paris	census-gazetteer-2023-cousubs
2301758270	ME	Oxford County	Peru	town		1506	2024	44.460915	-70.451923	me-peru	census-gazetteer-2023-cousubs
2301760405	ME	Oxford County	Porter	town		1648	2024	43.837898	-70.946568	me-porter	census-gazetteer-2023-cousubs
2301764185	ME	Oxford County	Roxbury	town		366	2024	44.664226	-70.602328	me-roxbury	census-gazetteer-2023-cousubs
2301764290	ME	Oxford County	Rumford	town		5967	2024	44.55992	-70.625264	me-rumford	census-gazetteer-2023-cousubs
2301771755	ME	Oxford County	South Oxford	unorganized_territory		597	2024	44.324635	-70.843732	me-south-oxford	census-gazetteer-2023-cousubs
2301774510	ME	Oxford County	Stoneham	town		272	2024	44.263058	-70.875477	me-stoneham	census-gazetteer-2023-cousubs
2301774685	ME	Oxford County	Stow	town		446	2024	44.201378	-70.972151	me-stow	census-gazetteer-2023-cousubs
2301775035	ME	Oxford County	Sumner	town		1007	2024	44.380796	-70.448594	me-sumner	census-gazetteer-2023-cousubs
2301775595	ME	Oxford County	Sweden	town		424	2024	44.123107	-70.805489	me-sweden	census-gazetteer-2023-cousubs
2301778465	ME	Oxford County	Upton	town		70	2024	44.728598	-70.983584	me-upton	census-gazetteer-2023-cousubs
2301780635	ME	Oxford County	Waterford	town		1639	2024	44.202838	-70.722272	me-waterford	census-gazetteer-2023-cousubs
2301783890	ME	Oxford County	West Paris	town		1782	2024	44.319278	-70.522647	me-west-paris	census-gazetteer-2023-cousubs
2301787355	ME	Oxford County	Woodstock	town		1422	2024	44.400747	-70.55811	me-woodstock	census-gazetteer-2023-cousubs
2301901115	ME	Penobscot County	Alton	town		833	2024	45.043353	-68.774349	me-alton	census-gazetteer-2023-cousubs
2301901500	ME	Penobscot County	Argyle	unorganized_territory		260	2024	45.07329	-68.694246	me-argyle	census-gazetteer-2023-cousubs
2301902795	ME	Penobscot County	Bangor	city		32446	2024	44.829625	-68.788767	me-bangor	census-gazetteer-2023-cousubs
2301906575	ME	Penobscot County	Bradford	town		1225	2024	45.08826	-68.906681	me-bradford	census-gazetteer-2023-cousubs
2301906680	ME	Penobscot County	Bradley	town		1566	2024	44.89448	-68.546752	me-bradley	census-gazetteer-2023-cousubs
2301906925	ME	Penobscot County	Brewer	city		9629	2024	44.784461	-68.734559	me-brewer	census-gazetteer-2023-cousubs
2301909200	ME	Penobscot County	Burlington	town		435	2024	45.261575	-68.393705	me-burlington	census-gazetteer-2023-cousubs
2301910670	ME	Penobscot County	Carmel	town		2999	2024	44.800454	-69.003117	me-carmel	census-gazetteer-2023-cousubs
2301910810	ME	Penobscot County	Carroll	plantation		138	2024	45.4023	-68.025472	me-carroll	census-gazetteer-2023-cousubs
2301912105	ME	Penobscot County	Charleston	town		1621	2024	45.077652	-69.031432	me-charleston	census-gazetteer-2023-cousubs
2301912525	ME	Penobscot County	Chester	town		552	2024	45.433183	-68.505804	me-chester	census-gazetteer-2023-cousubs
2301913365	ME	Penobscot County	Clifton	town		873	2024	44.795186	-68.479061	me-clifton	census-gazetteer-2023-cousubs
2301914310	ME	Penobscot County	Corinna	town		2252	2024	44.946982	-69.258861	me-corinna	census-gazetteer-2023-cousubs
2301914380	ME	Penobscot County	Corinth	town		3082	2024	44.980473	-69.010748	me-corinth	census-gazetteer-2023-cousubs
2301917530	ME	Penobscot County	Dexter	town		3849	2024	45.040578	-69.281519	me-dexter	census-gazetteer-2023-cousubs
2301917950	ME	Penobscot County	Dixmont	town		1210	2024	44.697571	-69.143703	me-dixmont	census-gazetteer-2023-cousubs
2301918580	ME	Penobscot County	Drew	plantation				45.579841	-68.09387	me-drew	census-gazetteer-2023-cousubs
2301919868	ME	Penobscot County	East Central Penobscot	unorganized_territory		309	2024	45.109302	-68.430501	me-east-central-penobscot	census-gazetteer-2023-cousubs
2301921030	ME	Penobscot County	East Millinocket	town		1566	2024	45.65364	-68.59734	me-east-millinocket	census-gazetteer-2023-cousubs
2301922535	ME	Penobscot County	Eddington	town		2272	2024	44.805813	-68.611091	me-eddington	census-gazetteer-2023-cousubs
2301922710	ME	Penobscot County	Edinburg	town		133	2024	45.168663	-68.689034	me-edinburg	census-gazetteer-2023-cousubs
2301923620	ME	Penobscot County	Enfield	town		1443	2024	45.28411	-68.582231	me-enfield	census-gazetteer-2023-cousubs
2301923865	ME	Penobscot County	Etna	town		1238	2024	44.763866	-69.128068	me-etna	census-gazetteer-2023-cousubs
2301924110	ME	Penobscot County	Exeter	town		992	2024	44.963225	-69.125005	me-exeter	census-gazetteer-2023-cousubs
2301927190	ME	Penobscot County	Garland	town		1031	2024	45.077258	-69.158771	me-garland	census-gazetteer-2023-cousubs
2301927645	ME	Penobscot County	Glenburn	town		4785	2024	44.892694	-68.845328	me-glenburn	census-gazetteer-2023-cousubs
2301929185	ME	Penobscot County	Greenbush	town		1514	2024	45.072178	-68.589395	me-greenbush	census-gazetteer-2023-cousubs
2301930795	ME	Penobscot County	Hampden	town		8022	2024	44.732873	-68.882879	me-hampden	census-gazetteer-2023-cousubs
2301932510	ME	Penobscot County	Hermon	town		6921	2024	44.82011	-68.917328	me-hermon	census-gazetteer-2023-cousubs
2301933490	ME	Penobscot County	Holden	town		3412	2024	44.761837	-68.675967	me-holden	census-gazetteer-2023-cousubs
2301934190	ME	Penobscot County	Howland	town		1164	2024	45.267397	-68.715311	me-howland	census-gazetteer-2023-cousubs
2301934365	ME	Penobscot County	Hudson	town		1448	2024	44.992636	-68.888475	me-hudson	census-gazetteer-2023-cousubs
2301936325	ME	Penobscot County	Kenduskeag	town		1410	2024	44.915921	-68.927942	me-kenduskeag	census-gazetteer-2023-cousubs
2301937075	ME	Penobscot County	Kingman	unorganized_territory		140	2024	45.57744	-68.211789	me-kingman	census-gazetteer-2023-cousubs
2301937760	ME	Penobscot County	Lagrange	town		641	2024	45.166367	-68.808197	me-lagrange	census-gazetteer-2023-cousubs
2301938005	ME	Penobscot County	Lakeville	town		104	2024	45.302814	-68.086143	me-lakeville	census-gazetteer-2023-cousubs
2301938530	ME	Penobscot County	Lee	town		919	2024	45.376043	-68.298172	me-lee	census-gazetteer-2023-cousubs
2301938705	ME	Penobscot County	Levant	town		3203	2024	44.876816	-68.996651	me-levant	census-gazetteer-2023-cousubs
2301939475	ME	Penobscot County	Lincoln	town		4945	2024	45.354924	-68.439508	me-lincoln-2	census-gazetteer-2023-cousubs
2301941435	ME	Penobscot County	Lowell	town		383	2024	45.213937	-68.507501	me-lowell	census-gazetteer-2023-cousubs
2301944270	ME	Penobscot County	Mattawamkeag	town		604	2024	45.542151	-68.291564	me-mattawamkeag	census-gazetteer-2023-cousubs
2301944340	ME	Penobscot County	Maxfield	town		90	2024	45.315895	-68.739564	me-maxfield	census-gazetteer-2023-cousubs
2301945005	ME	Penobscot County	Medway	town		1192	2024	45.642403	-68.478671	me-medway	census-gazetteer-2023-cousubs
2301945670	ME	Penobscot County	Milford	town		3108	2024	44.993378	-68.575945	me-milford	census-gazetteer-2023-cousubs
2301945810	ME	Penobscot County	Millinocket	town		4116	2024	45.649617	-68.682783	me-millinocket	census-gazetteer-2023-cousubs
2301947560	ME	Penobscot County	Mount Chase	town		188	2024	46.097109	-68.494033	me-mount-chase	census-gazetteer-2023-cousubs
2301948505	ME	Penobscot County	Newburgh	town		1719	2024	44.704755	-69.012929	me-newburgh	census-gazetteer-2023-cousubs
2301949065	ME	Penobscot County	Newport	town		3159	2024	44.867217	-69.218838	me-newport	census-gazetteer-2023-cousubs
2301952710	ME	Penobscot County	North Penobscot	unorganized_territory		411	2024	45.884823	-68.693037	me-north-penobscot	census-gazetteer-2023-cousubs
2301955225	ME	Penobscot County	Old	city		7511	2024	44.954171	-68.739689	me-old	census-gazetteer-2023-cousubs
2301955565	ME	Penobscot County	Orono	town		12199	2024	44.88168	-68.738642	me-orono	census-gazetteer-2023-cousubs
2301955680	ME	Penobscot County	Orrington	town		3895	2024	44.688778	-68.762805	me-orrington	census-gazetteer-2023-cousubs
2301957045	ME	Penobscot County	Passadumkeag	town		356	2024	45.192986	-68.594777	me-passadumkeag	census-gazetteer-2023-cousubs
2301957150	ME	Penobscot County	Patten	town		894	2024	45.991415	-68.492677	me-patten	census-gazetteer-2023-cousubs
2301959950	ME	Penobscot County	Plymouth	town		1323	2024	44.785282	-69.236277	me-plymouth	census-gazetteer-2023-cousubs
2301960790	ME	Penobscot County	Prentiss	unorganized_territory		173	2024	45.504666	-68.076604	me-prentiss	census-gazetteer-2023-cousubs
2301967160	ME	Penobscot County	Seboeis	plantation		40	2024	45.392602	-68.757516	me-seboeis	census-gazetteer-2023-cousubs
2301973250	ME	Penobscot County	Springfield	town		367	2024	45.399062	-68.174424	me-springfield	census-gazetteer-2023-cousubs
2301973600	ME	Penobscot County	Stacyville	town		374	2024	45.896629	-68.495256	me-stacyville	census-gazetteer-2023-cousubs
2301974055	ME	Penobscot County	Stetson	town		1225	2024	44.87164	-69.113926	me-stetson	census-gazetteer-2023-cousubs
2301978015	ME	Penobscot County	Twombly Ridge	unorganized_territory		0	2024	45.299422	-68.259742	me-twombly-ridge	census-gazetteer-2023-cousubs
2301978780	ME	Penobscot County	Veazie	town		1844	2024	44.847442	-68.714189	me-veazie	census-gazetteer-2023-cousubs
2301981055	ME	Penobscot County	Webster	plantation		66	2024	45.463121	-68.20429	me-webster	census-gazetteer-2023-cousubs
2301985230	ME	Penobscot County	Whitney	unorganized_territory		8	2024	45.297547	-67.97418	me-whitney	census-gazetteer-2023-cousubs
2301986305	ME	Penobscot County	Winn	town		405	2024	45.477433	-68.33898	me-winn	census-gazetteer-2023-cousubs
2301987390	ME	Penobscot County	Woodville	town		203	2024	45.525387	-68.449852	me-woodville	census-gazetteer-2023-cousubs
2302100100	ME	Piscataquis County	Abbot	town		642	2024	45.192847	-69.494193	me-abbot	census-gazetteer-2023-cousubs
2302103740	ME	Piscataquis County	Beaver Cove	town		133	2024	45.562356	-69.430646	me-beaver-cove	census-gazetteer-2023-cousubs
2302105560	ME	Piscataquis County	Blanchard	unorganized_territory		90	2024	45.246161	-69.647911	me-blanchard	census-gazetteer-2023-cousubs
2302106400	ME	Piscataquis County	Bowerbank	town		138	2024	45.319098	-69.238738	me-bowerbank	census-gazetteer-2023-cousubs
2302108325	ME	Piscataquis County	Brownville	town		1156	2024	45.356518	-69.017524	me-brownville	census-gazetteer-2023-cousubs
2302118195	ME	Piscataquis County	Dover-Foxcroft	town		4500	2024	45.178025	-69.192696	me-dover-foxcroft	census-gazetteer-2023-cousubs
2302129535	ME	Piscataquis County	Greenville	town		1677	2024	45.462266	-69.54383	me-greenville	census-gazetteer-2023-cousubs
2302130095	ME	Piscataquis County	Guilford	town		1303	2024	45.205965	-69.340132	me-guilford	census-gazetteer-2023-cousubs
2302137095	ME	Piscataquis County	Kingsbury	plantation		30	2024	45.153803	-69.59845	me-kingsbury	census-gazetteer-2023-cousubs
2302137970	ME	Piscataquis County	Lake View	plantation		155	2024	45.371791	-68.881174	me-lake-view	census-gazetteer-2023-cousubs
2302144830	ME	Piscataquis County	Medford	town		234	2024	45.286832	-68.895109	me-medford	census-gazetteer-2023-cousubs
2302146020	ME	Piscataquis County	Milo	town		2356	2024	45.269635	-68.988168	me-milo	census-gazetteer-2023-cousubs
2302146580	ME	Piscataquis County	Monson	town		637	2024	45.297218	-69.499149	me-monson	census-gazetteer-2023-cousubs
2302151105	ME	Piscataquis County	Northeast Piscataquis	unorganized_territory		311	2024	45.915639	-69.102231	me-northeast-piscataquis	census-gazetteer-2023-cousubs
2302153628	ME	Piscataquis County	Northwest Piscataquis	unorganized_territory		139	2024	46.066334	-69.491586	me-northwest-piscataquis	census-gazetteer-2023-cousubs
2302156765	ME	Piscataquis County	Parkman	town		765	2024	45.107417	-69.422854	me-parkman	census-gazetteer-2023-cousubs
2302165865	ME	Piscataquis County	Sangerville	town		1348	2024	45.124208	-69.287058	me-sangerville	census-gazetteer-2023-cousubs
2302166950	ME	Piscataquis County	Sebec	town		677	2024	45.242742	-69.10464	me-sebec	census-gazetteer-2023-cousubs
2302168140	ME	Piscataquis County	Shirley	town		276	2024	45.35804	-69.630291	me-shirley	census-gazetteer-2023-cousubs
2302170655	ME	Piscataquis County	Southeast Piscataquis	unorganized_territory		496	2024	45.169581	-69.00715	me-southeast-piscataquis	census-gazetteer-2023-cousubs
2302181405	ME	Piscataquis County	Wellington	town		232	2024	45.077023	-69.586446	me-wellington	census-gazetteer-2023-cousubs
2302185710	ME	Piscataquis County	Willimantic	town		137	2024	45.303151	-69.379559	me-willimantic	census-gazetteer-2023-cousubs
2302301570	ME	Sagadahoc County	Arrowsic	town		500	2024	43.86394	-69.788892	me-arrowsic	census-gazetteer-2023-cousubs
2302303355	ME	Sagadahoc County	Bath	city		8817	2024	43.93253	-69.847186	me-bath	census-gazetteer-2023-cousubs
2302306260	ME	Sagadahoc County	Bowdoin	town		3209	2024	44.073433	-69.970748	me-bowdoin	census-gazetteer-2023-cousubs
2302306365	ME	Sagadahoc County	Bowdoinham	town		3190	2024	44.044224	-69.863781	me-bowdoinham	census-gazetteer-2023-cousubs
2302327295	ME	Sagadahoc County	Georgetown	town		1092	2024	43.708405	-69.757899	me-georgetown	census-gazetteer-2023-cousubs
2302358070	ME	Sagadahoc County	Perkins	unorganized_territory		0	2024	44.060897	-69.799748	me-perkins	census-gazetteer-2023-cousubs
2302358515	ME	Sagadahoc County	Phippsburg	town		2204	2024	43.741099	-69.826141	me-phippsburg	census-gazetteer-2023-cousubs
2302362645	ME	Sagadahoc County	Richmond	town		3573	2024	44.116833	-69.829607	me-richmond	census-gazetteer-2023-cousubs
2302376960	ME	Sagadahoc County	Topsham	town		9820	2024	43.964977	-69.955624	me-topsham	census-gazetteer-2023-cousubs
2302381930	ME	Sagadahoc County	West Bath	town		1951	2024	43.872247	-69.858741	me-west-bath	census-gazetteer-2023-cousubs
2302387460	ME	Sagadahoc County	Woolwich	town		3226	2024	43.959656	-69.769351	me-woolwich	census-gazetteer-2023-cousubs
2302501395	ME	Somerset County	Anson	town		2320	2024	44.836286	-69.966391	me-anson	census-gazetteer-2023-cousubs
2302501885	ME	Somerset County	Athens	town		961	2024	44.96526	-69.666935	me-athens	census-gazetteer-2023-cousubs
2302505000	ME	Somerset County	Bingham	town		833	2024	45.017731	-69.813365	me-bingham	census-gazetteer-2023-cousubs
2302507380	ME	Somerset County	Brighton	plantation		62	2024	45.066184	-69.70577	me-brighton	census-gazetteer-2023-cousubs
2302509655	ME	Somerset County	Cambridge	town		456	2024	45.044494	-69.449898	me-cambridge	census-gazetteer-2023-cousubs
2302509935	ME	Somerset County	Canaan	town		2201	2024	44.782176	-69.546316	me-canaan	census-gazetteer-2023-cousubs
2302510495	ME	Somerset County	Caratunk	town		83	2024	45.212387	-69.903429	me-caratunk	census-gazetteer-2023-cousubs
2302511820	ME	Somerset County	Central Somerset	unorganized_territory		339	2024	45.004555	-70.017604	me-central-somerset	census-gazetteer-2023-cousubs
2302514555	ME	Somerset County	Cornville	town		1363	2024	44.866582	-69.67446	me-cornville	census-gazetteer-2023-cousubs
2302517285	ME	Somerset County	Dennistown	plantation		63	2024	45.658483	-70.338766	me-dennistown	census-gazetteer-2023-cousubs
2302517460	ME	Somerset County	Detroit	town		921	2024	44.773091	-69.301537	me-detroit	census-gazetteer-2023-cousubs
2302523410	ME	Somerset County	Embden	town		952	2024	44.925686	-69.933038	me-embden	census-gazetteer-2023-cousubs
2302524320	ME	Somerset County	Fairfield	town		6530	2024	44.651655	-69.661275	me-fairfield	census-gazetteer-2023-cousubs
2302531355	ME	Somerset County	Harmony	town		827	2024	44.977147	-69.545554	me-harmony	census-gazetteer-2023-cousubs
2302531740	ME	Somerset County	Hartland	town		1845	2024	44.879823	-69.5205	me-hartland	census-gazetteer-2023-cousubs
2302532895	ME	Somerset County	Highland	plantation		53	2024	45.093193	-70.100501	me-highland	census-gazetteer-2023-cousubs
2302535345	ME	Somerset County	Jackman	town		781	2024	45.618882	-70.177175	me-jackman	census-gazetteer-2023-cousubs
2302542660	ME	Somerset County	Madison	town		4839	2024	44.826354	-69.799713	me-madison	census-gazetteer-2023-cousubs
2302545110	ME	Somerset County	Mercer	town		712	2024	44.644529	-69.908	me-mercer	census-gazetteer-2023-cousubs
2302547140	ME	Somerset County	Moose River	town		186	2024	45.70344	-70.221375	me-moose-river	census-gazetteer-2023-cousubs
2302547455	ME	Somerset County	Moscow	town		491	2024	45.136474	-69.875957	me-moscow	census-gazetteer-2023-cousubs
2302549205	ME	Somerset County	New Portland	town		763	2024	44.899145	-70.069959	me-new-portland	census-gazetteer-2023-cousubs
2302549835	ME	Somerset County	Norridgewock	town		3299	2024	44.732939	-69.82014	me-norridgewock	census-gazetteer-2023-cousubs
2302551114	ME	Somerset County	Northeast Somerset	unorganized_territory		363	2024	45.472133	-69.880821	me-northeast-somerset	census-gazetteer-2023-cousubs
2302553636	ME	Somerset County	Northwest Somerset	unorganized_territory		39	2024	45.386809	-70.258955	me-northwest-somerset	census-gazetteer-2023-cousubs
2302556520	ME	Somerset County	Palmyra	town		2033	2024	44.843151	-69.368356	me-palmyra	census-gazetteer-2023-cousubs
2302559005	ME	Somerset County	Pittsfield	town		3944	2024	44.769837	-69.433753	me-pittsfield	census-gazetteer-2023-cousubs
2302559705	ME	Somerset County	Pleasant Ridge	plantation		88	2024	45.093776	-69.969875	me-pleasant-ridge	census-gazetteer-2023-cousubs
2302562995	ME	Somerset County	Ripley	town		485	2024	44.997333	-69.404425	me-ripley	census-gazetteer-2023-cousubs
2302564850	ME	Somerset County	St. Albans	town		2137	2024	44.927411	-69.387354	me-st-albans	census-gazetteer-2023-cousubs
2302567238	ME	Somerset County	Seboomook Lake	unorganized_territory		26	2024	46.096173	-69.992403	me-seboomook-lake	census-gazetteer-2023-cousubs
2302568910	ME	Somerset County	Skowhegan	town		8664	2024	44.768239	-69.67761	me-skowhegan	census-gazetteer-2023-cousubs
2302569155	ME	Somerset County	Smithfield	town		944	2024	44.641819	-69.79989	me-smithfield	census-gazetteer-2023-cousubs
2302569505	ME	Somerset County	Solon	town		1005	2024	44.93938	-69.808142	me-solon	census-gazetteer-2023-cousubs
2302573845	ME	Somerset County	Starks	town		620	2024	44.736669	-69.954142	me-starks	census-gazetteer-2023-cousubs
2302576190	ME	Somerset County	The Forks	plantation		48	2024	45.299626	-69.928318	me-the-forks	census-gazetteer-2023-cousubs
2302582840	ME	Somerset County	West Forks	plantation		62	2024	45.383325	-69.999241	me-west-forks	census-gazetteer-2023-cousubs
2302703950	ME	Waldo County	Belfast	city		6993	2024	44.425874	-69.026418	me-belfast	census-gazetteer-2023-cousubs
2302704125	ME	Waldo County	Belmont	town		1021	2024	44.388664	-69.119442	me-belmont	census-gazetteer-2023-cousubs
2302707870	ME	Waldo County	Brooks	town		1024	2024	44.537569	-69.121759	me-brooks	census-gazetteer-2023-cousubs
2302709270	ME	Waldo County	Burnham	town		1116	2024	44.673999	-69.38646	me-burnham	census-gazetteer-2023-cousubs
2302726280	ME	Waldo County	Frankfort	town		1246	2024	44.598927	-68.92833	me-frankfort	census-gazetteer-2023-cousubs
2302726420	ME	Waldo County	Freedom	town		732	2024	44.494049	-69.347643	me-freedom	census-gazetteer-2023-cousubs
2302735240	ME	Waldo County	Islesboro	town		595	2024	44.298888	-68.915242	me-islesboro	census-gazetteer-2023-cousubs
2302735450	ME	Waldo County	Jackson	town		616	2024	44.616001	-69.141912	me-jackson	census-gazetteer-2023-cousubs
2302737585	ME	Waldo County	Knox	town		811	2024	44.517873	-69.21652	me-knox	census-gazetteer-2023-cousubs
2302739055	ME	Waldo County	Liberty	town		947	2024	44.369093	-69.336	me-liberty	census-gazetteer-2023-cousubs
2302739755	ME	Waldo County	Lincolnville	town		2418	2024	44.295443	-69.066425	me-lincolnville	census-gazetteer-2023-cousubs
2302746475	ME	Waldo County	Monroe	town		943	2024	44.59806	-69.058489	me-monroe	census-gazetteer-2023-cousubs
2302746790	ME	Waldo County	Montville	town		1029	2024	44.432601	-69.291672	me-montville	census-gazetteer-2023-cousubs
2302747245	ME	Waldo County	Morrill	town		1021	2024	44.428189	-69.169838	me-morrill	census-gazetteer-2023-cousubs
2302752845	ME	Waldo County	Northport	town		1629	2024	44.359115	-68.990047	me-northport	census-gazetteer-2023-cousubs
2302756450	ME	Waldo County	Palermo	town		1631	2024	44.396114	-69.43063	me-palermo	census-gazetteer-2023-cousubs
2302761210	ME	Waldo County	Prospect	town		709	2024	44.564963	-68.872706	me-prospect	census-gazetteer-2023-cousubs
2302766565	ME	Waldo County	Searsmont	town		1462	2024	44.368252	-69.186292	me-searsmont	census-gazetteer-2023-cousubs
2302766635	ME	Waldo County	Searsport	town		2685	2024	44.470906	-68.928662	me-searsport	census-gazetteer-2023-cousubs
2302774475	ME	Waldo County	Stockton Springs	town		1592	2024	44.514019	-68.83905	me-stockton-springs	census-gazetteer-2023-cousubs
2302775525	ME	Waldo County	Swanville	town		1429	2024	44.516962	-69.012335	me-swanville	census-gazetteer-2023-cousubs
2302776610	ME	Waldo County	Thorndike	town		803	2024	44.593552	-69.237473	me-thorndike	census-gazetteer-2023-cousubs
2302777625	ME	Waldo County	Troy	town		1106	2024	44.674148	-69.251844	me-troy	census-gazetteer-2023-cousubs
2302778255	ME	Waldo County	Unity	town		2342	2024	44.570148	-69.362441	me-unity-2	census-gazetteer-2023-cousubs
2302779480	ME	Waldo County	Waldo	town		852	2024	44.466241	-69.092792	me-waldo	census-gazetteer-2023-cousubs
2302786760	ME	Waldo County	Winterport	town		3865	2024	44.650751	-68.908918	me-winterport	census-gazetteer-2023-cousubs
2302900380	ME	Washington County	Addison	town		1179	2024	44.5231	-67.707431	me-addison	census-gazetteer-2023-cousubs
2302900660	ME	Washington County	Alexander	town		520	2024	45.085596	-67.475506	me-alexander	census-gazetteer-2023-cousubs
2302902480	ME	Washington County	Baileyville	town		1311	2024	45.182325	-67.441681	me-baileyville	census-gazetteer-2023-cousubs
2302902970	ME	Washington County	Baring	plantation		200	2024	45.092415	-67.305152	me-baring	census-gazetteer-2023-cousubs
2302903670	ME	Washington County	Beals	town		456	2024	44.446169	-67.602854	me-beals	census-gazetteer-2023-cousubs
2302903810	ME	Washington County	Beddington	town		62	2024	44.813705	-68.017716	me-beddington	census-gazetteer-2023-cousubs
2302909585	ME	Washington County	Calais	city		3105	2024	45.142952	-67.217529	me-calais	census-gazetteer-2023-cousubs
2302912175	ME	Washington County	Charlotte	town		339	2024	45.010822	-67.273004	me-charlotte	census-gazetteer-2023-cousubs
2302912455	ME	Washington County	Cherryfield	town		1095	2024	44.631269	-67.92712	me-cherryfield	census-gazetteer-2023-cousubs
2302913610	ME	Washington County	Codyville	plantation				45.463663	-67.686971	me-codyville	census-gazetteer-2023-cousubs
2302913750	ME	Washington County	Columbia	town		436	2024	44.672831	-67.809714	me-columbia	census-gazetteer-2023-cousubs
2302913820	ME	Washington County	Columbia Falls	town		484	2024	44.699244	-67.713619	me-columbia-falls	census-gazetteer-2023-cousubs
2302914100	ME	Washington County	Cooper	town		171	2024	44.988965	-67.422879	me-cooper	census-gazetteer-2023-cousubs
2302914940	ME	Washington County	Crawford	town		95	2024	45.048161	-67.575552	me-crawford	census-gazetteer-2023-cousubs
2302915920	ME	Washington County	Cutler	town		522	2024	44.648805	-67.224877	me-cutler	census-gazetteer-2023-cousubs
2302916410	ME	Washington County	Danforth	town		592	2024	45.634468	-67.832907	me-danforth	census-gazetteer-2023-cousubs
2302916865	ME	Washington County	Deblois	town		76	2024	44.72676	-67.984615	me-deblois	census-gazetteer-2023-cousubs
2302917355	ME	Washington County	Dennysville	town		314	2024	44.923874	-67.245967	me-dennysville	census-gazetteer-2023-cousubs
2302919870	ME	Washington County	East Central Washington	unorganized_territory		725	2024	44.856092	-67.325266	me-east-central-washington	census-gazetteer-2023-cousubs
2302920960	ME	Washington County	East Machias	town		1333	2024	44.776105	-67.416419	me-east-machias	census-gazetteer-2023-cousubs
2302921730	ME	Washington County	Eastport	city		1292	2024	44.910939	-67.009163	me-eastport	census-gazetteer-2023-cousubs
2302928660	ME	Washington County	Grand Lake Stream	plantation		127	2024	45.220311	-67.754448	me-grand-lake-stream	census-gazetteer-2023-cousubs
2302931530	ME	Washington County	Harrington	town		986	2024	44.528156	-67.799922	me-harrington	census-gazetteer-2023-cousubs
2302935905	ME	Washington County	Jonesboro	town		608	2024	44.665504	-67.59497	me-jonesboro	census-gazetteer-2023-cousubs
2302936010	ME	Washington County	Jonesport	town		1251	2024	44.560759	-67.482234	me-jonesport	census-gazetteer-2023-cousubs
2302941610	ME	Washington County	Lubec	town		1237	2024	44.805401	-67.031784	me-lubec	census-gazetteer-2023-cousubs
2302941960	ME	Washington County	Machias	town		2060	2024	44.695863	-67.444034	me-machias	census-gazetteer-2023-cousubs
2302942100	ME	Washington County	Machiasport	town		1011	2024	44.628815	-67.378484	me-machiasport	census-gazetteer-2023-cousubs
2302943640	ME	Washington County	Marshfield	town		535	2024	44.750359	-67.47502	me-marshfield	census-gazetteer-2023-cousubs
2302944760	ME	Washington County	Meddybemps	town		136	2024	45.048529	-67.355345	me-meddybemps	census-gazetteer-2023-cousubs
2302945600	ME	Washington County	Milbridge	town		1369	2024	44.459569	-67.863525	me-milbridge	census-gazetteer-2023-cousubs
2302951375	ME	Washington County	Northfield	town		178	2024	44.819774	-67.615112	me-northfield	census-gazetteer-2023-cousubs
2302953500	ME	Washington County	North Washington	unorganized_territory		505	2024	45.156357	-67.795424	me-north-washington	census-gazetteer-2023-cousubs
2302957780	ME	Washington County	Pembroke	town		783	2024	44.916805	-67.134955	me-pembroke	census-gazetteer-2023-cousubs
2302958165	ME	Washington County	Perry	town		794	2024	44.983542	-67.101382	me-perry	census-gazetteer-2023-cousubs
2302961035	ME	Washington County	Princeton	town		752	2024	45.144593	-67.526972	me-princeton	census-gazetteer-2023-cousubs
2302963275	ME	Washington County	Robbinston	town		553	2024	45.067341	-67.149953	me-robbinston	census-gazetteer-2023-cousubs
2302963940	ME	Washington County	Roque Bluffs	town		313	2024	44.617669	-67.492194	me-roque-bluffs	census-gazetteer-2023-cousubs
2302974125	ME	Washington County	Steuben	town		1160	2024	44.482116	-67.938848	me-steuben	census-gazetteer-2023-cousubs
2302975770	ME	Washington County	Talmadge	town		70	2024	45.337905	-67.771593	me-talmadge	census-gazetteer-2023-cousubs
2302976895	ME	Washington County	Topsfield	town		180	2024	45.443121	-67.771928	me-topsfield	census-gazetteer-2023-cousubs
2302978675	ME	Washington County	Vanceboro	town		104	2024	45.573149	-67.472194	me-vanceboro	census-gazetteer-2023-cousubs
2302979375	ME	Washington County	Waite	town		68	2024	45.335217	-67.604988	me-waite	census-gazetteer-2023-cousubs
2302981685	ME	Washington County	Wesley	town		121	2024	44.914685	-67.637106	me-wesley	census-gazetteer-2023-cousubs
2302985185	ME	Washington County	Whiting	town		501	2024	44.760322	-67.255047	me-whiting	census-gazetteer-2023-cousubs
2302985290	ME	Washington County	Whitneyville	town		206	2024	44.757152	-67.539897	me-whitneyville	census-gazetteer-2023-cousubs
2303100275	ME	York County	Acton	town		2723	2024	43.536651	-70.940212	me-acton	census-gazetteer-2023-cousubs
2303100730	ME	York County	Alfred	town		3163	2024	43.478568	-70.727091	me-alfred	census-gazetteer-2023-cousubs
2303101605	ME	York County	Arundel	town		4496	2024	43.439809	-70.528032	me-arundel	census-gazetteer-2023-cousubs
2303104720	ME	York County	Berwick	town		8332	2024	43.29932	-70.842062	me-berwick	census-gazetteer-2023-cousubs
2303104860	ME	York County	Biddeford	city		22370	2024	43.438733	-70.392943	me-biddeford	census-gazetteer-2023-cousubs
2303109410	ME	York County	Buxton	town		8591	2024	43.63626	-70.538842	me-buxton	census-gazetteer-2023-cousubs
2303114485	ME	York County	Cornish	town		1583	2024	43.767186	-70.808863	me-cornish	census-gazetteer-2023-cousubs
2303116725	ME	York County	Dayton	town		2188	2024	43.550568	-70.573833	me-dayton	census-gazetteer-2023-cousubs
2303122955	ME	York County	Eliot	town		7447	2024	43.146551	-70.774365	me-eliot	census-gazetteer-2023-cousubs
2303133665	ME	York County	Hollis	town		4954	2024	43.631019	-70.614369	me-hollis	census-gazetteer-2023-cousubs
2303136535	ME	York County	Kennebunk	town		12028	2024	43.380427	-70.553958	me-kennebunk	census-gazetteer-2023-cousubs
2303136745	ME	York County	Kennebunkport	town		3708	2024	43.366714	-70.430941	me-kennebunkport	census-gazetteer-2023-cousubs
2303137270	ME	York County	Kittery	town		11064	2024	43.004852	-70.604355	me-kittery	census-gazetteer-2023-cousubs
2303138425	ME	York County	Lebanon	town		6732	2024	43.399909	-70.912785	me-lebanon	census-gazetteer-2023-cousubs
2303139195	ME	York County	Limerick	town		3548	2024	43.688481	-70.781883	me-limerick	census-gazetteer-2023-cousubs
2303139405	ME	York County	Limington	town		4126	2024	43.745798	-70.6998	me-limington	census-gazetteer-2023-cousubs
2303141750	ME	York County	Lyman	town		4655	2024	43.499713	-70.647957	me-lyman	census-gazetteer-2023-cousubs
2303148750	ME	York County	Newfield	town		1677	2024	43.638078	-70.876011	me-newfield	census-gazetteer-2023-cousubs
2303150325	ME	York County	North Berwick	town		5257	2024	43.352283	-70.779445	me-north-berwick	census-gazetteer-2023-cousubs
2303154980	ME	York County	Ogunquit	town		1601	2024	43.23198	-70.585466	me-ogunquit	census-gazetteer-2023-cousubs
2303155085	ME	York County	Old Orchard Beach	town		9438	2024	43.533771	-70.356845	me-old-orchard-beach	census-gazetteer-2023-cousubs
2303156870	ME	York County	Parsonsfield	town		1824	2024	43.733357	-70.894042	me-parsonsfield	census-gazetteer-2023-cousubs
2303164675	ME	York County	Saco	city		21064	2024	43.527959	-70.419571	me-saco	census-gazetteer-2023-cousubs
2303165725	ME	York County	Sanford	city		22497	2024	43.424142	-70.757859	me-sanford	census-gazetteer-2023-cousubs
2303167475	ME	York County	Shapleigh	town		3010	2024	43.554017	-70.832796	me-shapleigh	census-gazetteer-2023-cousubs
2303170030	ME	York County	South Berwick	town		7824	2024	43.230612	-70.752424	me-south-berwick	census-gazetteer-2023-cousubs
2303180530	ME	York County	Waterboro	town		8124	2024	43.603778	-70.730081	me-waterboro	census-gazetteer-2023-cousubs
2303181475	ME	York County	Wells	town		11940	2024	43.311219	-70.632614	me-wells	census-gazetteer-2023-cousubs
2303187985	ME	York County	York	town		14179	2024	43.165495	-70.59101	me-york	census-gazetteer-2023-cousubs
2300695	ME		Alfred	village_cdp				43.478568	-70.727091	me-alfred-cdp	census-gazetteer-2023-place
2301360	ME		Anson	village_cdp				44.796732	-69.900241	me-anson-cdp	census-gazetteer-2023-place
2301675	ME		Ashland	village_cdp				46.616868	-68.392826	me-ashland-cdp	census-gazetteer-2023-place
2302830	ME		Bar Harbor	village_cdp				44.381307	-68.211131	me-bar-harbor-cdp	census-gazetteer-2023-place
2304685	ME		Berwick	village_cdp				43.269956	-70.86243	me-berwick-cdp	census-gazetteer-2023-place
2304790	ME		Bethel	village_cdp				44.403804	-70.786351	me-bethel-cdp	census-gazetteer-2023-place
2304965	ME		Bingham	village_cdp				45.05808	-69.873054	me-bingham-cdp	census-gazetteer-2023-place
2305350	ME		Blaine	village_cdp				46.498998	-67.868766	me-blaine-cdp	census-gazetteer-2023-place
2305665	ME		Blue Hill	village_cdp				44.398651	-68.581027	me-blue-hill-cdp	census-gazetteer-2023-place
2306085	ME		Boothbay Harbor	village_cdp				43.855619	-69.623337	me-boothbay-harbor-cdp	census-gazetteer-2023-place
2306330	ME		Bowdoinham	village_cdp				44.021214	-69.901263	me-bowdoinham-cdp	census-gazetteer-2023-place
2306645	ME		Bradley	village_cdp				44.911832	-68.621528	me-bradley-cdp	census-gazetteer-2023-place
2307135	ME		Bridgton	village_cdp				44.076464	-70.715469	me-bridgton-cdp	census-gazetteer-2023-place
2308360	ME		Brownville Junction	village_cdp				45.348651	-69.056093	me-brownville-junction	census-gazetteer-2023-place
2308395	ME		Brunswick	village_cdp				43.887452	-69.942623	me-brunswick-cdp	census-gazetteer-2023-place
2308780	ME		Bucksport	village_cdp				44.588434	-68.798635	me-bucksport-cdp	census-gazetteer-2023-place
2309690	ME		Camden	village_cdp				44.213771	-69.068463	me-camden-cdp	census-gazetteer-2023-place
2310320	ME		Cape Neddick	village_cdp				43.171985	-70.623743	me-cape-neddick	census-gazetteer-2023-place
2311090	ME		Casco	village_cdp				44.00169	-70.532759	me-casco-cdp	census-gazetteer-2023-place
2311230	ME		Castine	village_cdp				44.393981	-68.806019	me-castine-cdp	census-gazetteer-2023-place
2312770	ME		Chisholm	village_cdp				44.492894	-70.1926	me-chisholm	census-gazetteer-2023-place
2313435	ME		Clinton	village_cdp				44.644629	-69.488656	me-clinton-cdp	census-gazetteer-2023-place
2314275	ME		Corinna	village_cdp				44.922741	-69.265852	me-corinna-cdp	census-gazetteer-2023-place
2314450	ME		Cornish	village_cdp				43.800122	-70.795141	me-cornish-cdp	census-gazetteer-2023-place
2314800	ME		Cousins Island	village_cdp				43.766803	-70.143025	me-cousins-island	census-gazetteer-2023-place
2315500	ME		Cumberland Center	village_cdp				43.794744	-70.24406	me-cumberland-center	census-gazetteer-2023-place
2316200	ME		Damariscotta	village_cdp				44.017173	-69.520232	me-damariscotta-cdp	census-gazetteer-2023-place
2316375	ME		Danforth	village_cdp				45.659603	-67.868308	me-danforth-cdp	census-gazetteer-2023-place
2317495	ME		Dexter	village_cdp				45.016208	-69.294664	me-dexter-cdp	census-gazetteer-2023-place
2317705	ME		Dixfield	village_cdp				44.537951	-70.446031	me-dixfield-cdp	census-gazetteer-2023-place
2318230	ME		Dover-Foxcroft	village_cdp				45.205071	-69.223215	me-dover-foxcroft-cdp	census-gazetteer-2023-place
2318965	ME		Dunstan	village_cdp				43.569119	-70.386202	me-dunstan	census-gazetteer-2023-place
2319385	ME		Eagle Lake	village_cdp				47.034443	-68.588953	me-eagle-lake-cdp	census-gazetteer-2023-place
2321065	ME		East Millinocket	village_cdp				45.627097	-68.573771	me-east-millinocket-cdp	census-gazetteer-2023-place
2324285	ME		Fairfield	village_cdp				44.590339	-69.605215	me-fairfield-cdp	census-gazetteer-2023-place
2324480	ME		Falmouth	village_cdp				43.716012	-70.231058	me-falmouth-cdp	census-gazetteer-2023-place
2324530	ME		Falmouth Foreside	village_cdp				43.732346	-70.21802	me-falmouth-foreside	census-gazetteer-2023-place
2324635	ME		Farmingdale	village_cdp				44.25096	-69.783526	me-farmingdale-cdp	census-gazetteer-2023-place
2324740	ME		Farmington	village_cdp				44.668373	-70.144039	me-farmington-cdp	census-gazetteer-2023-place
2325580	ME		Fort Fairfield	village_cdp				46.767065	-67.83194	me-fort-fairfield-cdp	census-gazetteer-2023-place
2325720	ME		Fort Kent	village_cdp				47.251738	-68.587216	me-fort-kent-cdp	census-gazetteer-2023-place
2326490	ME		Freeport	village_cdp				43.857051	-70.102593	me-freeport-cdp	census-gazetteer-2023-place
2326875	ME		Fryeburg	village_cdp				44.02011	-70.971998	me-fryeburg-cdp	census-gazetteer-2023-place
2328205	ME		Gorham	village_cdp				43.693238	-70.434962	me-gorham-cdp	census-gazetteer-2023-place
2328555	ME		Grand Isle	village_cdp				47.307363	-68.158702	me-grand-isle-cdp	census-gazetteer-2023-place
2328835	ME		Gray	village_cdp				43.886386	-70.324087	me-gray-cdp	census-gazetteer-2023-place
2329220	ME		Greene	village_cdp				44.189754	-70.145088	me-greene-cdp	census-gazetteer-2023-place
2329500	ME		Greenville	village_cdp				45.466113	-69.577856	me-greenville-cdp	census-gazetteer-2023-place
2330060	ME		Guilford	village_cdp				45.178621	-69.395037	me-guilford-cdp	census-gazetteer-2023-place
2330760	ME		Hampden	village_cdp				44.747602	-68.839879	me-hampden-cdp	census-gazetteer-2023-place
2331705	ME		Hartland	village_cdp				44.885558	-69.469166	me-hartland-cdp	census-gazetteer-2023-place
2333945	ME		Houlton	village_cdp				46.121447	-67.83221	me-houlton-cdp	census-gazetteer-2023-place
2334225	ME		Howland	village_cdp				45.269601	-68.658098	me-howland-cdp	census-gazetteer-2023-place
2335030	ME		Island Falls	village_cdp				46.008708	-68.263937	me-island-falls-cdp	census-gazetteer-2023-place
2335975	ME		Jonesport	village_cdp				44.535373	-67.607594	me-jonesport-cdp	census-gazetteer-2023-place
2336500	ME		Kennebunk	village_cdp				43.384106	-70.544165	me-kennebunk-cdp	census-gazetteer-2023-place
2336710	ME		Kennebunkport	village_cdp				43.363237	-70.460284	me-kennebunkport-cdp	census-gazetteer-2023-place
2336885	ME		Kezar Falls	village_cdp				43.807122	-70.875302	me-kezar-falls	census-gazetteer-2023-place
2336990	ME		Kingfield	village_cdp				44.954503	-70.164518	me-kingfield-cdp	census-gazetteer-2023-place
2337235	ME		Kittery	village_cdp				43.089985	-70.738321	me-kittery-cdp	census-gazetteer-2023-place
2337375	ME		Kittery Point	village_cdp				43.09381	-70.69096	me-kittery-point	census-gazetteer-2023-place
2337795	ME		Lake Arrowhead	village_cdp				43.661676	-70.742002	me-lake-arrowhead	census-gazetteer-2023-place
2339265	ME		Limestone	village_cdp				46.911205	-67.830828	me-limestone-cdp	census-gazetteer-2023-place
2339440	ME		Lincoln	village_cdp				45.362677	-68.50173	me-lincoln-cdp	census-gazetteer-2023-place
2340000	ME		Lisbon	village_cdp				44.029707	-70.107521	me-lisbon-cdp	census-gazetteer-2023-place
2340105	ME		Lisbon Falls	village_cdp				44.008612	-70.057636	me-lisbon-falls	census-gazetteer-2023-place
2340350	ME		Little Falls	village_cdp				43.735434	-70.43538	me-little-falls	census-gazetteer-2023-place
2340470	ME		Littlejohn Island	village_cdp				43.760664	-70.126559	me-littlejohn-island	census-gazetteer-2023-place
2340735	ME		Livermore Falls	village_cdp				44.472574	-70.180804	me-livermore-falls-cdp	census-gazetteer-2023-place
2341575	ME		Lubec	village_cdp				44.855069	-66.989856	me-lubec-cdp	census-gazetteer-2023-place
2341925	ME		Machias	village_cdp				44.70064	-67.478612	me-machias-cdp	census-gazetteer-2023-place
2342485	ME		Madawaska	village_cdp				47.34245	-68.333444	me-madawaska-cdp	census-gazetteer-2023-place
2342625	ME		Madison	village_cdp				44.807789	-69.850366	me-madison-cdp	census-gazetteer-2023-place
2343220	ME		Mapleton	village_cdp				46.68076	-68.151187	me-mapleton-cdp	census-gazetteer-2023-place
2343675	ME		Mars Hill	village_cdp				46.51919	-67.869714	me-mars-hill-cdp	census-gazetteer-2023-place
2344235	ME		Mattawamkeag	village_cdp				45.517717	-68.351659	me-mattawamkeag-cdp	census-gazetteer-2023-place
2344620	ME		Mechanic Falls	village_cdp				44.11167	-70.394051	me-mechanic-falls-cdp	census-gazetteer-2023-place
2345250	ME		Mexico	village_cdp				44.556949	-70.533745	me-mexico-cdp	census-gazetteer-2023-place
2345565	ME		Milbridge	village_cdp				44.529183	-67.894896	me-milbridge-cdp	census-gazetteer-2023-place
2345635	ME		Milford	village_cdp				44.95743	-68.630943	me-milford-cdp	census-gazetteer-2023-place
2345845	ME		Millinocket	village_cdp				45.659216	-68.698148	me-millinocket-cdp	census-gazetteer-2023-place
2345985	ME		Milo	village_cdp				45.248324	-68.950555	me-milo-cdp	census-gazetteer-2023-place
2348050	ME		Naples	village_cdp				43.960578	-70.602285	me-naples-cdp	census-gazetteer-2023-place
2348610	ME		Newcastle	village_cdp				44.048601	-69.53326	me-newcastle-cdp	census-gazetteer-2023-place
2349100	ME		Newport	village_cdp				44.836429	-69.254846	me-newport-cdp	census-gazetteer-2023-place
2349800	ME		Norridgewock	village_cdp				44.722822	-69.763068	me-norridgewock-cdp	census-gazetteer-2023-place
2349975	ME		North Anson	village_cdp				44.863866	-69.898983	me-north-anson	census-gazetteer-2023-place
2350290	ME		North Berwick	village_cdp				43.296215	-70.730953	me-north-berwick-cdp	census-gazetteer-2023-place
2351095	ME		Northeast Harbor	village_cdp				44.290163	-68.290853	me-northeast-harbor	census-gazetteer-2023-place
2353685	ME		North Windham	village_cdp				43.826344	-70.431252	me-north-windham	census-gazetteer-2023-place
2353965	ME		Norway	village_cdp				44.23076	-70.563437	me-norway-cdp	census-gazetteer-2023-place
2354350	ME		Oakfield	village_cdp				46.101981	-68.151648	me-oakfield-cdp	census-gazetteer-2023-place
2354490	ME		Oak Hill	village_cdp				43.596355	-70.34085	me-oak-hill	census-gazetteer-2023-place
2354525	ME		Oakland	village_cdp				44.552474	-69.706143	me-oakland-cdp	census-gazetteer-2023-place
2355120	ME		Old Orchard Beach	village_cdp				43.533771	-70.356845	me-old-orchard-beach-cdp	census-gazetteer-2023-place
2355575	ME		Orono	village_cdp				44.878261	-68.688144	me-orono-cdp	census-gazetteer-2023-place
2356240	ME		Oxford	village_cdp				44.14487	-70.523871	me-oxford-cdp	census-gazetteer-2023-place
2357115	ME		Patten	village_cdp				46.004343	-68.442762	me-patten-cdp	census-gazetteer-2023-place
2358970	ME		Pittsfield	village_cdp				44.763273	-69.372732	me-pittsfield-cdp	census-gazetteer-2023-place
2361735	ME		Randolph	village_cdp				44.237286	-69.751247	me-randolph-cdp	census-gazetteer-2023-place
2361805	ME		Rangeley	village_cdp				44.965902	-70.652146	me-rangeley-cdp	census-gazetteer-2023-place
2362610	ME		Richmond	village_cdp				44.099038	-69.809567	me-richmond-cdp	census-gazetteer-2023-place
2364255	ME		Rumford	village_cdp				44.544842	-70.560194	me-rumford-cdp	census-gazetteer-2023-place
2364535	ME		Sabattus	village_cdp				44.120119	-70.103776	me-sabattus-cdp	census-gazetteer-2023-place
2366600	ME		Searsport	village_cdp				44.474953	-68.915604	me-searsport-cdp	census-gazetteer-2023-place
2368875	ME		Skowhegan	village_cdp				44.778149	-69.712196	me-skowhegan-cdp	census-gazetteer-2023-place
2369995	ME		South Berwick	village_cdp				43.230047	-70.798143	me-south-berwick-cdp	census-gazetteer-2023-place
2370660	ME		South Eliot	village_cdp				43.135079	-70.793156	me-south-eliot	census-gazetteer-2023-place
2371780	ME		South Paris	village_cdp				44.217818	-70.513021	me-south-paris	census-gazetteer-2023-place
2372830	ME		Southwest Harbor	village_cdp				44.27839	-68.32858	me-southwest-harbor-cdp	census-gazetteer-2023-place
2372900	ME		South Windham	village_cdp				43.738793	-70.421901	me-south-windham	census-gazetteer-2023-place
2373635	ME		Standish	village_cdp				43.735342	-70.552499	me-standish-cdp	census-gazetteer-2023-place
2373985	ME		Steep Falls	village_cdp				43.791219	-70.613863	me-steep-falls	census-gazetteer-2023-place
2376330	ME		Thomaston	village_cdp				44.081867	-69.179452	me-thomaston-cdp	census-gazetteer-2023-place
2376925	ME		Topsham	village_cdp				43.947393	-69.931653	me-topsham-cdp	census-gazetteer-2023-place
2377765	ME		Turner	village_cdp				44.257811	-70.257865	me-turner-cdp	census-gazetteer-2023-place
2378220	ME		Unity	village_cdp				44.618683	-69.344585	me-unity-cdp	census-gazetteer-2023-place
2378535	ME		Van Buren	village_cdp				47.167047	-67.948881	me-van-buren-cdp	census-gazetteer-2023-place
2378640	ME		Vanceboro	village_cdp				45.567243	-67.429217	me-vanceboro-cdp	census-gazetteer-2023-place
2378815	ME		Veazie	village_cdp				44.847442	-68.714189	me-veazie-cdp	census-gazetteer-2023-place
2379515	ME		Waldoboro	village_cdp				44.093318	-69.378435	me-waldoboro-cdp	census-gazetteer-2023-place
2380250	ME		Washburn	village_cdp				46.788399	-68.139604	me-washburn-cdp	census-gazetteer-2023-place
2383330	ME		West Kennebunk	village_cdp				43.414187	-70.580993	me-west-kennebunk	census-gazetteer-2023-place
2385815	ME		Wilton	village_cdp				44.59435	-70.237522	me-wilton-cdp	census-gazetteer-2023-place
2386480	ME		Winslow	village_cdp				44.553429	-69.60845	me-winslow-cdp	census-gazetteer-2023-place
2386620	ME		Winter Harbor	village_cdp				44.392798	-68.091657	me-winter-harbor-cdp	census-gazetteer-2023-place
2386725	ME		Winterport	village_cdp				44.648126	-68.861253	me-winterport-cdp	census-gazetteer-2023-place
2386935	ME		Winthrop	village_cdp				44.323383	-69.950795	me-winthrop-cdp	census-gazetteer-2023-place
2387040	ME		Wiscasset	village_cdp				44.010754	-69.678028	me-wiscasset-cdp	census-gazetteer-2023-place
2387250	ME		Woodland	village_cdp				45.158208	-67.409736	me-woodland-cdp	census-gazetteer-2023-place
2387810	ME		Yarmouth	village_cdp				43.803815	-70.18858	me-yarmouth-cdp	census-gazetteer-2023-place
2388160	ME		York Harbor	village_cdp				43.143022	-70.647489	me-york-harbor	census-gazetteer-2023-place
2500103690	MA	Barnstable County	Barnstable	city		49831	2024	41.661478	-70.356951	ma-barnstable	census-gazetteer-2023-cousubs
2500107175	MA	Barnstable County	Bourne	town		20508	2024	41.71746	-70.591824	ma-bourne	census-gazetteer-2023-cousubs
2500107980	MA	Barnstable County	Brewster	town		10447	2024	41.747513	-70.066223	ma-brewster	census-gazetteer-2023-cousubs
2500112995	MA	Barnstable County	Chatham	town		6711	2024	41.621629	-69.981956	ma-chatham	census-gazetteer-2023-cousubs
2500116775	MA	Barnstable County	Dennis	town		14862	2024	41.706123	-70.164823	ma-dennis	census-gazetteer-2023-cousubs
2500119295	MA	Barnstable County	Eastham	town		5824	2024	41.841572	-69.988926	ma-eastham	census-gazetteer-2023-cousubs
2500123105	MA	Barnstable County	Falmouth	town		33227	2024	41.594889	-70.599245	ma-falmouth	census-gazetteer-2023-cousubs
2500129020	MA	Barnstable County	Harwich	town		13620	2024	41.697108	-70.070167	ma-harwich	census-gazetteer-2023-cousubs
2500139100	MA	Barnstable County	Mashpee	town		15482	2024	41.617623	-70.492713	ma-mashpee	census-gazetteer-2023-cousubs
2500151440	MA	Barnstable County	Orleans	town		6485	2024	41.765676	-69.966195	ma-orleans	census-gazetteer-2023-cousubs
2500155500	MA	Barnstable County	Provincetown	town		3729	2024	42.056927	-70.190475	ma-provincetown	census-gazetteer-2023-cousubs
2500159735	MA	Barnstable County	Sandwich	town		20507	2024	41.7132	-70.485737	ma-sandwich	census-gazetteer-2023-cousubs
2500170605	MA	Barnstable County	Truro	town		2484	2024	42.013557	-70.064151	ma-truro	census-gazetteer-2023-cousubs
2500174385	MA	Barnstable County	Wellfleet	town		3645	2024	41.916805	-70.0271	ma-wellfleet	census-gazetteer-2023-cousubs
2500182525	MA	Barnstable County	Yarmouth	town		25208	2024	41.674949	-70.226014	ma-yarmouth	census-gazetteer-2023-cousubs
2500300555	MA	Berkshire County	Adams	town		7992	2024	42.62556	-73.119828	ma-adams	census-gazetteer-2023-cousubs
2500300975	MA	Berkshire County	Alford	town		483	2024	42.253544	-73.426528	ma-alford	census-gazetteer-2023-cousubs
2500304545	MA	Berkshire County	Becket	town		1922	2024	42.286459	-73.084813	ma-becket	census-gazetteer-2023-cousubs
2500313345	MA	Berkshire County	Cheshire	town		3190	2024	42.565107	-73.149142	ma-cheshire	census-gazetteer-2023-cousubs
2500314010	MA	Berkshire County	Clarksburg	town		1637	2024	42.72272	-73.105818	ma-clarksburg	census-gazetteer-2023-cousubs
2500316180	MA	Berkshire County	Dalton	town		6198	2024	42.479819	-73.153776	ma-dalton	census-gazetteer-2023-cousubs
2500321360	MA	Berkshire County	Egremont	town		1375	2024	42.173533	-73.444931	ma-egremont	census-gazetteer-2023-cousubs
2500324120	MA	Berkshire County	Florida	town		673	2024	42.680041	-73.015814	ma-florida	census-gazetteer-2023-cousubs
2500326815	MA	Berkshire County	Great Barrington	town		7245	2024	42.221696	-73.333175	ma-great-barrington	census-gazetteer-2023-cousubs
2500328180	MA	Berkshire County	Hancock	town		740	2024	42.530004	-73.316635	ma-hancock	census-gazetteer-2023-cousubs
2500330315	MA	Berkshire County	Hinsdale	town		1890	2024	42.435827	-73.112812	ma-hinsdale	census-gazetteer-2023-cousubs
2500334340	MA	Berkshire County	Lanesborough	town		3004	2024	42.535875	-73.241091	ma-lanesborough	census-gazetteer-2023-cousubs
2500334655	MA	Berkshire County	Lee	town		5682	2024	42.303174	-73.233924	ma-lee	census-gazetteer-2023-cousubs
2500334970	MA	Berkshire County	Lenox	town		5072	2024	42.367858	-73.269763	ma-lenox	census-gazetteer-2023-cousubs
2500342460	MA	Berkshire County	Monterey	town		1085	2024	42.186893	-73.223105	ma-monterey	census-gazetteer-2023-cousubs
2500343300	MA	Berkshire County	Mount Washington	town		157	2024	42.09092	-73.470197	ma-mount-washington	census-gazetteer-2023-cousubs
2500344385	MA	Berkshire County	New Ashford	town		249	2024	42.613517	-73.225778	ma-new-ashford	census-gazetteer-2023-cousubs
2500345420	MA	Berkshire County	New Marlborough	town		1503	2024	42.09836	-73.245866	ma-new-marlborough	census-gazetteer-2023-cousubs
2500346225	MA	Berkshire County	North Adams	city		12492	2024	42.675565	-73.118114	ma-north-adams	census-gazetteer-2023-cousubs
2500351580	MA	Berkshire County	Otis	town		1619	2024	42.204346	-73.084962	ma-otis	census-gazetteer-2023-cousubs
2500353050	MA	Berkshire County	Peru	town		798	2024	42.408169	-73.03534	ma-peru	census-gazetteer-2023-cousubs
2500353960	MA	Berkshire County	Pittsfield	city		43121	2024	42.45184	-73.260685	ma-pittsfield	census-gazetteer-2023-cousubs
2500356795	MA	Berkshire County	Richmond	town		1405	2024	42.383497	-73.359187	ma-richmond	census-gazetteer-2023-cousubs
2500359665	MA	Berkshire County	Sandisfield	town		984	2024	42.107496	-73.118607	ma-sandisfield	census-gazetteer-2023-cousubs
2500360225	MA	Berkshire County	Savoy	town		655	2024	42.594166	-73.02232	ma-savoy	census-gazetteer-2023-cousubs
2500361065	MA	Berkshire County	Sheffield	town		3324	2024	42.10365	-73.359887	ma-sheffield	census-gazetteer-2023-cousubs
2500367595	MA	Berkshire County	Stockbridge	town		1986	2024	42.301969	-73.323024	ma-stockbridge	census-gazetteer-2023-cousubs
2500371095	MA	Berkshire County	Tyringham	town		419	2024	42.240876	-73.181328	ma-tyringham	census-gazetteer-2023-cousubs
2500373335	MA	Berkshire County	Washington	town		497	2024	42.369768	-73.15517	ma-washington	census-gazetteer-2023-cousubs
2500377990	MA	Berkshire County	West Stockbridge	town		1323	2024	42.312354	-73.388044	ma-west-stockbridge	census-gazetteer-2023-cousubs
2500379985	MA	Berkshire County	Williamstown	town		9189	2024	42.695743	-73.222118	ma-williamstown	census-gazetteer-2023-cousubs
2500380685	MA	Berkshire County	Windsor	town		817	2024	42.519837	-73.04969	ma-windsor	census-gazetteer-2023-cousubs
2500500520	MA	Bristol County	Acushnet	town		10700	2024	41.718217	-70.901151	ma-acushnet	census-gazetteer-2023-cousubs
2500502690	MA	Bristol County	Attleboro	city		47085	2024	41.931653	-71.294503	ma-attleboro	census-gazetteer-2023-cousubs
2500505280	MA	Bristol County	Berkley	town		6892	2024	41.838061	-71.077615	ma-berkley	census-gazetteer-2023-cousubs
2500516425	MA	Bristol County	Dartmouth	town		34139	2024	41.56651	-70.958229	ma-dartmouth	census-gazetteer-2023-cousubs
2500516950	MA	Bristol County	Dighton	town		8275	2024	41.829273	-71.152087	ma-dighton	census-gazetteer-2023-cousubs
2500520100	MA	Bristol County	Easton	town		25568	2024	42.039187	-71.109	ma-easton	census-gazetteer-2023-cousubs
2500522130	MA	Bristol County	Fairhaven	town		16005	2024	41.633667	-70.871362	ma-fairhaven	census-gazetteer-2023-cousubs
2500523000	MA	Bristol County	Fall River	city		94689	2024	41.725351	-71.094162	ma-fall-river	census-gazetteer-2023-cousubs
2500525240	MA	Bristol County	Freetown	town		9380	2024	41.779379	-71.019526	ma-freetown	census-gazetteer-2023-cousubs
2500538225	MA	Bristol County	Mansfield	town		24077	2024	42.017302	-71.21642	ma-mansfield	census-gazetteer-2023-cousubs
2500545000	MA	Bristol County	New Bedford	city		101318	2024	41.661303	-70.937913	ma-new-bedford	census-gazetteer-2023-cousubs
2500546598	MA	Bristol County	North Attleborough	city		31210	2024	41.970454	-71.33493	ma-north-attleborough	census-gazetteer-2023-cousubs
2500549970	MA	Bristol County	Norton	town		19392	2024	41.965341	-71.18178	ma-norton	census-gazetteer-2023-cousubs
2500556060	MA	Bristol County	Raynham	town		15861	2024	41.93048	-71.046214	ma-raynham	census-gazetteer-2023-cousubs
2500556375	MA	Bristol County	Rehoboth	town		13537	2024	41.846878	-71.24487	ma-rehoboth	census-gazetteer-2023-cousubs
2500560645	MA	Bristol County	Seekonk	town		15912	2024	41.839798	-71.318047	ma-seekonk	census-gazetteer-2023-cousubs
2500562430	MA	Bristol County	Somerset	town		18375	2024	41.738483	-71.165053	ma-somerset	census-gazetteer-2023-cousubs
2500568750	MA	Bristol County	Swansea	town		17537	2024	41.758163	-71.214181	ma-swansea	census-gazetteer-2023-cousubs
2500569170	MA	Bristol County	Taunton	city		61936	2024	41.903324	-71.094987	ma-taunton	census-gazetteer-2023-cousubs
2500577570	MA	Bristol County	Westport	town		16705	2024	41.579794	-71.081822	ma-westport	census-gazetteer-2023-cousubs
2500701585	MA	Dukes County	Aquinnah	town		451	2024	41.334	-70.823432	ma-aquinnah	census-gazetteer-2023-cousubs
2500713800	MA	Dukes County	Chilmark	town		1249	2024	41.303014	-70.778694	ma-chilmark	census-gazetteer-2023-cousubs
2500721150	MA	Dukes County	Edgartown	town		5328	2024	41.375934	-70.48076	ma-edgartown	census-gazetteer-2023-cousubs
2500726325	MA	Dukes County	Gosnold	town		62	2024	41.44311	-70.862707	ma-gosnold	census-gazetteer-2023-cousubs
2500750390	MA	Dukes County	Oak Bluffs	town		5407	2024	41.45716	-70.556101	ma-oak-bluffs	census-gazetteer-2023-cousubs
2500769940	MA	Dukes County	Tisbury	town		4927	2024	41.473071	-70.617422	ma-tisbury	census-gazetteer-2023-cousubs
2500778235	MA	Dukes County	West Tisbury	town		3637	2024	41.394406	-70.656447	ma-west-tisbury	census-gazetteer-2023-cousubs
2500901260	MA	Essex County	Amesbury	city				42.851277	-70.955792	ma-amesbury	census-gazetteer-2023-cousubs
2500901465	MA	Essex County	Andover	town		36927	2024	42.648044	-71.161751	ma-andover	census-gazetteer-2023-cousubs
2500905595	MA	Essex County	Beverly	city		43223	2024	42.556659	-70.84496	ma-beverly	census-gazetteer-2023-cousubs
2500907420	MA	Essex County	Boxford	town		8334	2024	42.683108	-71.027188	ma-boxford	census-gazetteer-2023-cousubs
2500916250	MA	Essex County	Danvers	town		28590	2024	42.574174	-70.950516	ma-danvers	census-gazetteer-2023-cousubs
2500921850	MA	Essex County	Essex	town		3760	2024	42.640451	-70.771165	ma-essex	census-gazetteer-2023-cousubs
2500925625	MA	Essex County	Georgetown	town		8558	2024	42.726226	-70.983318	ma-georgetown	census-gazetteer-2023-cousubs
2500926150	MA	Essex County	Gloucester	city		30491	2024	42.62885	-70.685875	ma-gloucester	census-gazetteer-2023-cousubs
2500927620	MA	Essex County	Groveland	town		6849	2024	42.7539	-71.015935	ma-groveland	census-gazetteer-2023-cousubs
2500927900	MA	Essex County	Hamilton	town		7670	2024	42.626223	-70.85723	ma-hamilton	census-gazetteer-2023-cousubs
2500929405	MA	Essex County	Haverhill	city		68291	2024	42.782945	-71.087436	ma-haverhill	census-gazetteer-2023-cousubs
2500932310	MA	Essex County	Ipswich	town		14110	2024	42.695981	-70.835648	ma-ipswich	census-gazetteer-2023-cousubs
2500934550	MA	Essex County	Lawrence	city		89332	2024	42.700273	-71.161357	ma-lawrence	census-gazetteer-2023-cousubs
2500937490	MA	Essex County	Lynn	city		103489	2024	42.474766	-70.962035	ma-lynn	census-gazetteer-2023-cousubs
2500937560	MA	Essex County	Lynnfield	town		13230	2024	42.534146	-71.038333	ma-lynnfield	census-gazetteer-2023-cousubs
2500937995	MA	Essex County	Manchester-by-the-Sea	town		5467	2024	42.562563	-70.760557	ma-manchester-by-the-sea	census-gazetteer-2023-cousubs
2500938400	MA	Essex County	Marblehead	town		20576	2024	42.495629	-70.83582	ma-marblehead	census-gazetteer-2023-cousubs
2500940430	MA	Essex County	Merrimac	town		6810	2024	42.838603	-71.011997	ma-merrimac	census-gazetteer-2023-cousubs
2500940710	MA	Essex County	Methuen	city				42.742641	-71.178651	ma-methuen	census-gazetteer-2023-cousubs
2500941095	MA	Essex County	Middleton	town		9959	2024	42.610513	-71.007118	ma-middleton	census-gazetteer-2023-cousubs
2500943580	MA	Essex County	Nahant	town		3338	2024	42.41824	-70.932728	ma-nahant	census-gazetteer-2023-cousubs
2500945175	MA	Essex County	Newbury	town		6880	2024	42.770406	-70.872417	ma-newbury	census-gazetteer-2023-cousubs
2500945245	MA	Essex County	Newburyport	city		19163	2024	42.812141	-70.886646	ma-newburyport	census-gazetteer-2023-cousubs
2500946365	MA	Essex County	North Andover	town		32135	2024	42.673909	-71.091334	ma-north-andover	census-gazetteer-2023-cousubs
2500952490	MA	Essex County	Peabody	city		55418	2024	42.53431	-70.969443	ma-peabody	census-gazetteer-2023-cousubs
2500957880	MA	Essex County	Rockport	town		7091	2024	42.656952	-70.60463	ma-rockport	census-gazetteer-2023-cousubs
2500958405	MA	Essex County	Rowley	town		6334	2024	42.721495	-70.886637	ma-rowley	census-gazetteer-2023-cousubs
2500959105	MA	Essex County	Salem	city		45677	2024	42.499248	-70.898204	ma-salem	census-gazetteer-2023-cousubs
2500959245	MA	Essex County	Salisbury	town		9415	2024	42.844794	-70.841499	ma-salisbury	census-gazetteer-2023-cousubs
2500960015	MA	Essex County	Saugus	town		29029	2024	42.468432	-71.013946	ma-saugus	census-gazetteer-2023-cousubs
2500968645	MA	Essex County	Swampscott	town		15658	2024	42.468059	-70.89126	ma-swampscott	census-gazetteer-2023-cousubs
2500970150	MA	Essex County	Topsfield	town		6620	2024	42.641387	-70.943383	ma-topsfield	census-gazetteer-2023-cousubs
2500974595	MA	Essex County	Wenham	town		4945	2024	42.600668	-70.88326	ma-wenham	census-gazetteer-2023-cousubs
2500977150	MA	Essex County	West Newbury	town		4680	2024	42.799565	-70.964428	ma-west-newbury	census-gazetteer-2023-cousubs
2501102095	MA	Franklin County	Ashfield	town		1685	2024	42.520324	-72.805606	ma-ashfield	census-gazetteer-2023-cousubs
2501105560	MA	Franklin County	Bernardston	town		2109	2024	42.691851	-72.55984	ma-bernardston	census-gazetteer-2023-cousubs
2501109595	MA	Franklin County	Buckland	town		1818	2024	42.592092	-72.788605	ma-buckland	census-gazetteer-2023-cousubs
2501112505	MA	Franklin County	Charlemont	town		1179	2024	42.63313	-72.854712	ma-charlemont	census-gazetteer-2023-cousubs
2501114885	MA	Franklin County	Colrain	town		1643	2024	42.694731	-72.710956	ma-colrain	census-gazetteer-2023-cousubs
2501115200	MA	Franklin County	Conway	town		1754	2024	42.508567	-72.707159	ma-conway	census-gazetteer-2023-cousubs
2501116670	MA	Franklin County	Deerfield	town		5177	2024	42.517967	-72.613139	ma-deerfield	census-gazetteer-2023-cousubs
2501121780	MA	Franklin County	Erving	town		1661	2024	42.613418	-72.426428	ma-erving	census-gazetteer-2023-cousubs
2501125730	MA	Franklin County	Gill	town		1553	2024	42.624101	-72.508607	ma-gill	census-gazetteer-2023-cousubs
2501127060	MA	Franklin County	Greenfield	city		17633	2024	42.614671	-72.597063	ma-greenfield	census-gazetteer-2023-cousubs
2501129475	MA	Franklin County	Hawley	town		352	2024	42.575572	-72.900789	ma-hawley	census-gazetteer-2023-cousubs
2501129650	MA	Franklin County	Heath	town		717	2024	42.693268	-72.823116	ma-heath	census-gazetteer-2023-cousubs
2501135180	MA	Franklin County	Leverett	town		1863	2024	42.468898	-72.484579	ma-leverett	census-gazetteer-2023-cousubs
2501135285	MA	Franklin County	Leyden	town		735	2024	42.697579	-72.627606	ma-leyden	census-gazetteer-2023-cousubs
2501142040	MA	Franklin County	Monroe	town		115	2024	42.727772	-72.985346	ma-monroe	census-gazetteer-2023-cousubs
2501142285	MA	Franklin County	Montague	town		8437	2024	42.556617	-72.517075	ma-montague	census-gazetteer-2023-cousubs
2501145490	MA	Franklin County	New Salem	town		1023	2024	42.458551	-72.327191	ma-new-salem	census-gazetteer-2023-cousubs
2501147835	MA	Franklin County	Northfield	town		2880	2024	42.677091	-72.453876	ma-northfield	census-gazetteer-2023-cousubs
2501151265	MA	Franklin County	Orange	town		7583	2024	42.605437	-72.292074	ma-orange	census-gazetteer-2023-cousubs
2501158335	MA	Franklin County	Rowe	town		419	2024	42.695532	-72.909148	ma-rowe	census-gazetteer-2023-cousubs
2501161135	MA	Franklin County	Shelburne	town		1874	2024	42.61865	-72.679279	ma-shelburne	census-gazetteer-2023-cousubs
2501161905	MA	Franklin County	Shutesbury	town		1717	2024	42.456968	-72.417244	ma-shutesbury	census-gazetteer-2023-cousubs
2501168400	MA	Franklin County	Sunderland	town		3628	2024	42.466691	-72.546751	ma-sunderland	census-gazetteer-2023-cousubs
2501173265	MA	Franklin County	Warwick	town		774	2024	42.679971	-72.339882	ma-warwick	census-gazetteer-2023-cousubs
2501174525	MA	Franklin County	Wendell	town		916	2024	42.556308	-72.407153	ma-wendell	census-gazetteer-2023-cousubs
2501179110	MA	Franklin County	Whately	town		1626	2024	42.430995	-72.642437	ma-whately	census-gazetteer-2023-cousubs
2501300840	MA	Hampden County	Agawam	city		28749	2024	42.063891	-72.652959	ma-agawam	census-gazetteer-2023-cousubs
2501306085	MA	Hampden County	Blandford	town		1209	2024	42.190191	-72.954263	ma-blandford	census-gazetteer-2023-cousubs
2501308470	MA	Hampden County	Brimfield	town		3733	2024	42.128176	-72.205352	ma-brimfield	census-gazetteer-2023-cousubs
2501313485	MA	Hampden County	Chester	town		1221	2024	42.269728	-72.934495	ma-chester	census-gazetteer-2023-cousubs
2501313660	MA	Hampden County	Chicopee	city		55381	2024	42.177586	-72.570189	ma-chicopee	census-gazetteer-2023-cousubs
2501319645	MA	Hampden County	East Longmeadow	town		16515	2024	42.062378	-72.498111	ma-east-longmeadow	census-gazetteer-2023-cousubs
2501326675	MA	Hampden County	Granville	town		1540	2024	42.087356	-72.90835	ma-granville	census-gazetteer-2023-cousubs
2501328075	MA	Hampden County	Hampden	town		4964	2024	42.071188	-72.417718	ma-hampden	census-gazetteer-2023-cousubs
2501330665	MA	Hampden County	Holland	town		2581	2024	42.046783	-72.180212	ma-holland	census-gazetteer-2023-cousubs
2501330840	MA	Hampden County	Holyoke	city		37838	2024	42.211658	-72.642448	ma-holyoke	census-gazetteer-2023-cousubs
2501336300	MA	Hampden County	Longmeadow	town		15712	2024	42.048054	-72.569275	ma-longmeadow	census-gazetteer-2023-cousubs
2501337175	MA	Hampden County	Ludlow	town		21118	2024	42.183577	-72.457812	ma-ludlow	census-gazetteer-2023-cousubs
2501342145	MA	Hampden County	Monson	town		8164	2024	42.093596	-72.321494	ma-monson	census-gazetteer-2023-cousubs
2501342530	MA	Hampden County	Montgomery	town		837	2024	42.220395	-72.834999	ma-montgomery	census-gazetteer-2023-cousubs
2501352144	MA	Hampden County	Palmer	city		12388	2024	42.188862	-72.30648	ma-palmer	census-gazetteer-2023-cousubs
2501358650	MA	Hampden County	Russell	town		1640	2024	42.161251	-72.853806	ma-russell	census-gazetteer-2023-cousubs
2501365825	MA	Hampden County	Southwick	town		9277	2024	42.05257	-72.777353	ma-southwick	census-gazetteer-2023-cousubs
2501367000	MA	Hampden County	Springfield	city		154888	2024	42.115454	-72.539978	ma-springfield	census-gazetteer-2023-cousubs
2501370045	MA	Hampden County	Tolland	town		474	2024	42.102146	-73.034555	ma-tolland	census-gazetteer-2023-cousubs
2501372390	MA	Hampden County	Wales	town		1828	2024	42.061313	-72.234411	ma-wales	census-gazetteer-2023-cousubs
2501376030	MA	Hampden County	Westfield	city		40403	2024	42.138838	-72.755911	ma-westfield	census-gazetteer-2023-cousubs
2501377890	MA	Hampden County	West Springfield	city		29028	2024	42.125451	-72.649734	ma-west-springfield	census-gazetteer-2023-cousubs
2501379740	MA	Hampden County	Wilbraham	town		14663	2024	42.126883	-72.430952	ma-wilbraham	census-gazetteer-2023-cousubs
2501501370	MA	Hampshire County	Amherst	city		40989	2024	42.363534	-72.507291	ma-amherst	census-gazetteer-2023-cousubs
2501504825	MA	Hampshire County	Belchertown	town		15372	2024	42.27901	-72.400468	ma-belchertown	census-gazetteer-2023-cousubs
2501513590	MA	Hampshire County	Chesterfield	town		1174	2024	42.377852	-72.841984	ma-chesterfield	census-gazetteer-2023-cousubs
2501516040	MA	Hampshire County	Cummington	town		819	2024	42.465495	-72.918267	ma-cummington	census-gazetteer-2023-cousubs
2501519370	MA	Hampshire County	Easthampton	city				42.265435	-72.670813	ma-easthampton	census-gazetteer-2023-cousubs
2501526290	MA	Hampshire County	Goshen	town		942	2024	42.437627	-72.811141	ma-goshen	census-gazetteer-2023-cousubs
2501526535	MA	Hampshire County	Granby	town		6064	2024	42.244949	-72.500143	ma-granby	census-gazetteer-2023-cousubs
2501527690	MA	Hampshire County	Hadley	town		5284	2024	42.356491	-72.568632	ma-hadley	census-gazetteer-2023-cousubs
2501529265	MA	Hampshire County	Hatfield	town		3321	2024	42.389402	-72.616806	ma-hatfield	census-gazetteer-2023-cousubs
2501531785	MA	Hampshire County	Huntington	town		2071	2024	42.281797	-72.862646	ma-huntington	census-gazetteer-2023-cousubs
2501540990	MA	Hampshire County	Middlefield	town		397	2024	42.367352	-73.023989	ma-middlefield	census-gazetteer-2023-cousubs
2501546330	MA	Hampshire County	Northampton	city		31315	2024	42.327044	-72.67463	ma-northampton	census-gazetteer-2023-cousubs
2501552560	MA	Hampshire County	Pelham	town		1343	2024	42.371648	-72.412488	ma-pelham	census-gazetteer-2023-cousubs
2501554030	MA	Hampshire County	Plainfield	town		649	2024	42.512353	-72.918666	ma-plainfield	census-gazetteer-2023-cousubs
2501562745	MA	Hampshire County	Southampton	town		6181	2024	42.226949	-72.741588	ma-southampton	census-gazetteer-2023-cousubs
2501564145	MA	Hampshire County	South Hadley	town		18031	2024	42.256532	-72.580248	ma-south-hadley	census-gazetteer-2023-cousubs
2501572880	MA	Hampshire County	Ware	town		10142	2024	42.275462	-72.280158	ma-ware	census-gazetteer-2023-cousubs
2501576380	MA	Hampshire County	Westhampton	town		1629	2024	42.314078	-72.777977	ma-westhampton	census-gazetteer-2023-cousubs
2501579915	MA	Hampshire County	Williamsburg	town		2475	2024	42.405414	-72.726043	ma-williamsburg	census-gazetteer-2023-cousubs
2501582175	MA	Hampshire County	Worthington	town		1181	2024	42.397559	-72.943392	ma-worthington	census-gazetteer-2023-cousubs
2501700380	MA	Middlesex County	Acton	town		24539	2024	42.483953	-71.438495	ma-acton	census-gazetteer-2023-cousubs
2501701605	MA	Middlesex County	Arlington	town		47112	2024	42.418722	-71.163912	ma-arlington	census-gazetteer-2023-cousubs
2501701955	MA	Middlesex County	Ashby	town		3270	2024	42.676293	-71.832523	ma-ashby	census-gazetteer-2023-cousubs
2501702130	MA	Middlesex County	Ashland	town		19391	2024	42.257755	-71.473526	ma-ashland	census-gazetteer-2023-cousubs
2501703005	MA	Middlesex County	Ayer	town		9010	2024	42.566573	-71.575135	ma-ayer	census-gazetteer-2023-cousubs
2501704615	MA	Middlesex County	Bedford	town		14955	2024	42.499332	-71.281901	ma-bedford	census-gazetteer-2023-cousubs
2501705070	MA	Middlesex County	Belmont	town		27442	2024	42.395317	-71.180284	ma-belmont	census-gazetteer-2023-cousubs
2501705805	MA	Middlesex County	Billerica	town		42978	2024	42.559674	-71.260948	ma-billerica	census-gazetteer-2023-cousubs
2501707350	MA	Middlesex County	Boxborough	town		5565	2024	42.485985	-71.520985	ma-boxborough	census-gazetteer-2023-cousubs
2501709840	MA	Middlesex County	Burlington	town		26977	2024	42.503227	-71.201713	ma-burlington	census-gazetteer-2023-cousubs
2501711000	MA	Middlesex County	Cambridge	city		121186	2024	42.376043	-71.11868	ma-cambridge	census-gazetteer-2023-cousubs
2501711525	MA	Middlesex County	Carlisle	town		5317	2024	42.536807	-71.361324	ma-carlisle	census-gazetteer-2023-cousubs
2501713135	MA	Middlesex County	Chelmsford	town		36953	2024	42.597055	-71.3697	ma-chelmsford	census-gazetteer-2023-cousubs
2501715060	MA	Middlesex County	Concord	town		18092	2024	42.462911	-71.364496	ma-concord	census-gazetteer-2023-cousubs
2501717475	MA	Middlesex County	Dracut	town		32972	2024	42.679723	-71.30068	ma-dracut	census-gazetteer-2023-cousubs
2501717825	MA	Middlesex County	Dunstable	town		3500	2024	42.676149	-71.499772	ma-dunstable	census-gazetteer-2023-cousubs
2501721990	MA	Middlesex County	Everett	city		51825	2024	42.405938	-71.054649	ma-everett	census-gazetteer-2023-cousubs
2501724960	MA	Middlesex County	Framingham	city		73361	2024	42.307905	-71.436196	ma-framingham	census-gazetteer-2023-cousubs
2501727480	MA	Middlesex County	Groton	town		11580	2024	42.611636	-71.564743	ma-groton	census-gazetteer-2023-cousubs
2501730700	MA	Middlesex County	Holliston	town		15347	2024	42.195951	-71.45343	ma-holliston	census-gazetteer-2023-cousubs
2501731085	MA	Middlesex County	Hopkinton	town		19971	2024	42.224096	-71.540489	ma-hopkinton	census-gazetteer-2023-cousubs
2501731540	MA	Middlesex County	Hudson	town		20364	2024	42.389071	-71.545864	ma-hudson	census-gazetteer-2023-cousubs
2501735215	MA	Middlesex County	Lexington	town		34743	2024	42.445222	-71.230015	ma-lexington	census-gazetteer-2023-cousubs
2501735425	MA	Middlesex County	Lincoln	town		6996	2024	42.425506	-71.310812	ma-lincoln	census-gazetteer-2023-cousubs
2501735950	MA	Middlesex County	Littleton	town		10495	2024	42.535931	-71.490569	ma-littleton	census-gazetteer-2023-cousubs
2501737000	MA	Middlesex County	Lowell	city		120418	2024	42.638995	-71.32102	ma-lowell	census-gazetteer-2023-cousubs
2501737875	MA	Middlesex County	Malden	city		66693	2024	42.42938	-71.058706	ma-malden	census-gazetteer-2023-cousubs
2501738715	MA	Middlesex County	Marlborough	city		42169	2024	42.349617	-71.547214	ma-marlborough	census-gazetteer-2023-cousubs
2501739625	MA	Middlesex County	Maynard	town		10820	2024	42.425955	-71.456256	ma-maynard	census-gazetteer-2023-cousubs
2501739835	MA	Middlesex County	Medford	city		59898	2024	42.423844	-71.109231	ma-medford	census-gazetteer-2023-cousubs
2501740115	MA	Middlesex County	Melrose	city		29938	2024	42.455723	-71.059019	ma-melrose	census-gazetteer-2023-cousubs
2501743895	MA	Middlesex County	Natick	town		37316	2024	42.284822	-71.348811	ma-natick	census-gazetteer-2023-cousubs
2501745560	MA	Middlesex County	Newton	city		90700	2024	42.331768	-71.2084	ma-newton	census-gazetteer-2023-cousubs
2501748955	MA	Middlesex County	North Reading	town		16379	2024	42.578401	-71.084448	ma-north-reading	census-gazetteer-2023-cousubs
2501752805	MA	Middlesex County	Pepperell	town		11877	2024	42.670643	-71.602858	ma-pepperell	census-gazetteer-2023-cousubs
2501756130	MA	Middlesex County	Reading	town		26041	2024	42.535183	-71.105423	ma-reading	census-gazetteer-2023-cousubs
2501761380	MA	Middlesex County	Sherborn	town		4485	2024	42.231947	-71.372963	ma-sherborn	census-gazetteer-2023-cousubs
2501761590	MA	Middlesex County	Shirley	town		7042	2024	42.573654	-71.640986	ma-shirley	census-gazetteer-2023-cousubs
2501762535	MA	Middlesex County	Somerville	city		82149	2024	42.390445	-71.101033	ma-somerville	census-gazetteer-2023-cousubs
2501767665	MA	Middlesex County	Stoneham	town		24550	2024	42.474208	-71.097665	ma-stoneham	census-gazetteer-2023-cousubs
2501768050	MA	Middlesex County	Stow	town		7335	2024	42.429688	-71.512514	ma-stow	census-gazetteer-2023-cousubs
2501768260	MA	Middlesex County	Sudbury	town		19805	2024	42.383367	-71.42107	ma-sudbury	census-gazetteer-2023-cousubs
2501769415	MA	Middlesex County	Tewksbury	town		31796	2024	42.612088	-71.227845	ma-tewksbury	census-gazetteer-2023-cousubs
2501770360	MA	Middlesex County	Townsend	town		9220	2024	42.665002	-71.711937	ma-townsend	census-gazetteer-2023-cousubs
2501771025	MA	Middlesex County	Tyngsborough	town		12779	2024	42.667762	-71.42882	ma-tyngsborough	census-gazetteer-2023-cousubs
2501772215	MA	Middlesex County	Wakefield	town		29216	2024	42.504361	-71.064061	ma-wakefield	census-gazetteer-2023-cousubs
2501772600	MA	Middlesex County	Waltham	city		65849	2024	42.388921	-71.242268	ma-waltham	census-gazetteer-2023-cousubs
2501773440	MA	Middlesex County	Watertown	city				42.369451	-71.177925	ma-watertown	census-gazetteer-2023-cousubs
2501773790	MA	Middlesex County	Wayland	town		14054	2024	42.360427	-71.361099	ma-wayland	census-gazetteer-2023-cousubs
2501776135	MA	Middlesex County	Westford	town		25024	2024	42.585541	-71.44025	ma-westford	census-gazetteer-2023-cousubs
2501777255	MA	Middlesex County	Weston	town		11827	2024	42.360502	-71.303433	ma-weston	census-gazetteer-2023-cousubs
2501780230	MA	Middlesex County	Wilmington	town		23802	2024	42.564647	-71.164516	ma-wilmington	census-gazetteer-2023-cousubs
2501780510	MA	Middlesex County	Winchester	town		23953	2024	42.452752	-71.144319	ma-winchester	census-gazetteer-2023-cousubs
2501781035	MA	Middlesex County	Woburn	city		43895	2024	42.488703	-71.154383	ma-woburn	census-gazetteer-2023-cousubs
2501943790	MA	Nantucket County	Nantucket	town		14670	2024	41.293392	-70.102164	ma-nantucket	census-gazetteer-2023-cousubs
2502102935	MA	Norfolk County	Avon	town		4801	2024	42.132461	-71.054013	ma-avon	census-gazetteer-2023-cousubs
2502104930	MA	Norfolk County	Bellingham	town		17998	2024	42.076682	-71.47449	ma-bellingham	census-gazetteer-2023-cousubs
2502107740	MA	Norfolk County	Braintree	city		39134	2024	42.206188	-71.00232	ma-braintree	census-gazetteer-2023-cousubs
2502109175	MA	Norfolk County	Brookline	town		63925	2024	42.323853	-71.142003	ma-brookline	census-gazetteer-2023-cousubs
2502111315	MA	Norfolk County	Canton	town		25163	2024	42.175737	-71.125385	ma-canton	census-gazetteer-2023-cousubs
2502114640	MA	Norfolk County	Cohasset	town		8532	2024	42.262428	-70.798883	ma-cohasset	census-gazetteer-2023-cousubs
2502116495	MA	Norfolk County	Dedham	town		25485	2024	42.246872	-71.179462	ma-dedham	census-gazetteer-2023-cousubs
2502117405	MA	Norfolk County	Dover	town		6057	2024	42.23416	-71.291167	ma-dover	census-gazetteer-2023-cousubs
2502124820	MA	Norfolk County	Foxborough	town		18791	2024	42.061338	-71.245802	ma-foxborough	census-gazetteer-2023-cousubs
2502125172	MA	Norfolk County	Franklin	city		33742	2024	42.084858	-71.410571	ma-franklin	census-gazetteer-2023-cousubs
2502130455	MA	Norfolk County	Holbrook	town		11475	2024	42.140346	-70.997861	ma-holbrook	census-gazetteer-2023-cousubs
2502139765	MA	Norfolk County	Medfield	town		13334	2024	42.184599	-71.305307	ma-medfield	census-gazetteer-2023-cousubs
2502139975	MA	Norfolk County	Medway	town		13836	2024	42.156203	-71.430345	ma-medway	census-gazetteer-2023-cousubs
2502141515	MA	Norfolk County	Millis	town		9338	2024	42.173103	-71.363756	ma-millis	census-gazetteer-2023-cousubs
2502141690	MA	Norfolk County	Milton	town		28811	2024	42.241559	-71.082437	ma-milton	census-gazetteer-2023-cousubs
2502144105	MA	Norfolk County	Needham	town		32931	2024	42.281593	-71.242414	ma-needham	census-gazetteer-2023-cousubs
2502146050	MA	Norfolk County	Norfolk	town		11962	2024	42.116244	-71.329274	ma-norfolk	census-gazetteer-2023-cousubs
2502150250	MA	Norfolk County	Norwood	town		31764	2024	42.187364	-71.195971	ma-norwood	census-gazetteer-2023-cousubs
2502154100	MA	Norfolk County	Plainville	town		10067	2024	42.012838	-71.336188	ma-plainville	census-gazetteer-2023-cousubs
2502155745	MA	Norfolk County	Quincy	city		103434	2024	42.261006	-71.008988	ma-quincy	census-gazetteer-2023-cousubs
2502156000	MA	Norfolk County	Randolph	city		35114	2024	42.178993	-71.052654	ma-randolph	census-gazetteer-2023-cousubs
2502160785	MA	Norfolk County	Sharon	town		18762	2024	42.108463	-71.185182	ma-sharon	census-gazetteer-2023-cousubs
2502167945	MA	Norfolk County	Stoughton	town		29457	2024	42.119006	-71.10365	ma-stoughton	census-gazetteer-2023-cousubs
2502172495	MA	Norfolk County	Walpole	town		26391	2024	42.146286	-71.255604	ma-walpole	census-gazetteer-2023-cousubs
2502174175	MA	Norfolk County	Wellesley	town		31242	2024	42.305932	-71.282917	ma-wellesley	census-gazetteer-2023-cousubs
2502178690	MA	Norfolk County	Westwood	town		16533	2024	42.219645	-71.216768	ma-westwood	census-gazetteer-2023-cousubs
2502178972	MA	Norfolk County	Weymouth	city		60159	2024	42.2073	-70.943687	ma-weymouth	census-gazetteer-2023-cousubs
2502182315	MA	Norfolk County	Wrentham	town		12516	2024	42.052671	-71.356858	ma-wrentham	census-gazetteer-2023-cousubs
2502300170	MA	Plymouth County	Abington	town		17090	2024	42.115764	-70.956597	ma-abington	census-gazetteer-2023-cousubs
2502308130	MA	Plymouth County	Bridgewater	city		29167	2024	41.972376	-70.978773	ma-bridgewater	census-gazetteer-2023-cousubs
2502309000	MA	Plymouth County	Brockton	city		105788	2024	42.082543	-71.024638	ma-brockton	census-gazetteer-2023-cousubs
2502311665	MA	Plymouth County	Carver	town		11817	2024	41.875179	-70.746715	ma-carver	census-gazetteer-2023-cousubs
2502317895	MA	Plymouth County	Duxbury	town		16377	2024	42.044407	-70.70606	ma-duxbury	census-gazetteer-2023-cousubs
2502318455	MA	Plymouth County	East Bridgewater	town		14519	2024	42.037116	-70.942178	ma-east-bridgewater	census-gazetteer-2023-cousubs
2502327795	MA	Plymouth County	Halifax	town		7786	2024	42.002634	-70.863706	ma-halifax	census-gazetteer-2023-cousubs
2502328285	MA	Plymouth County	Hanover	town		14887	2024	42.122956	-70.85631	ma-hanover	census-gazetteer-2023-cousubs
2502328495	MA	Plymouth County	Hanson	town		10719	2024	42.05024	-70.867359	ma-hanson	census-gazetteer-2023-cousubs
2502330210	MA	Plymouth County	Hingham	town		24414	2024	42.224319	-70.880673	ma-hingham	census-gazetteer-2023-cousubs
2502331645	MA	Plymouth County	Hull	town		10278	2024	42.340233	-70.883301	ma-hull	census-gazetteer-2023-cousubs
2502333220	MA	Plymouth County	Kingston	town		14462	2024	41.987196	-70.741942	ma-kingston	census-gazetteer-2023-cousubs
2502333920	MA	Plymouth County	Lakeville	town		12262	2024	41.834384	-70.956826	ma-lakeville	census-gazetteer-2023-cousubs
2502338540	MA	Plymouth County	Marion	town		5341	2024	41.706839	-70.750958	ma-marion	census-gazetteer-2023-cousubs
2502338855	MA	Plymouth County	Marshfield	town		26043	2024	42.115139	-70.710331	ma-marshfield	census-gazetteer-2023-cousubs
2502339450	MA	Plymouth County	Mattapoisett	town		6763	2024	41.661363	-70.812024	ma-mattapoisett	census-gazetteer-2023-cousubs
2502340850	MA	Plymouth County	Middleborough	town		24847	2024	41.878004	-70.869267	ma-middleborough	census-gazetteer-2023-cousubs
2502350145	MA	Plymouth County	Norwell	town		11477	2024	42.164569	-70.818844	ma-norwell	census-gazetteer-2023-cousubs
2502352630	MA	Plymouth County	Pembroke	town		18428	2024	42.067804	-70.805713	ma-pembroke	census-gazetteer-2023-cousubs
2502354310	MA	Plymouth County	Plymouth	town		66663	2024	41.894085	-70.61861	ma-plymouth	census-gazetteer-2023-cousubs
2502354415	MA	Plymouth County	Plympton	town		2964	2024	41.9591	-70.802753	ma-plympton	census-gazetteer-2023-cousubs
2502357600	MA	Plymouth County	Rochester	town		5936	2024	41.760864	-70.838956	ma-rochester	census-gazetteer-2023-cousubs
2502357775	MA	Plymouth County	Rockland	town		17708	2024	42.129251	-70.908736	ma-rockland	census-gazetteer-2023-cousubs
2502360330	MA	Plymouth County	Scituate	town		19598	2024	42.205062	-70.742978	ma-scituate	census-gazetteer-2023-cousubs
2502372985	MA	Plymouth County	Wareham	town		23526	2024	41.76104	-70.701779	ma-wareham	census-gazetteer-2023-cousubs
2502375260	MA	Plymouth County	West Bridgewater	town		7771	2024	42.021617	-71.026717	ma-west-bridgewater	census-gazetteer-2023-cousubs
2502379530	MA	Plymouth County	Whitman	town		15459	2024	42.078974	-70.93939	ma-whitman	census-gazetteer-2023-cousubs
2502507000	MA	Suffolk County	Boston	city		673458	2024	42.338551	-71.018253	ma-boston	census-gazetteer-2023-cousubs
2502513205	MA	Suffolk County	Chelsea	city		40245	2024	42.396824	-71.031348	ma-chelsea	census-gazetteer-2023-cousubs
2502556585	MA	Suffolk County	Revere	city		60702	2024	42.421005	-70.99036	ma-revere	census-gazetteer-2023-cousubs
2502581005	MA	Suffolk County	Winthrop	city		18739	2024	42.375541	-70.970646	ma-winthrop	census-gazetteer-2023-cousubs
2502701885	MA	Worcester County	Ashburnham	town		6522	2024	42.648697	-71.919896	ma-ashburnham	census-gazetteer-2023-cousubs
2502702480	MA	Worcester County	Athol	town		12105	2024	42.575926	-72.229589	ma-athol	census-gazetteer-2023-cousubs
2502702760	MA	Worcester County	Auburn	town		17323	2024	42.198867	-71.845722	ma-auburn	census-gazetteer-2023-cousubs
2502703740	MA	Worcester County	Barre	town		5631	2024	42.418884	-72.112077	ma-barre	census-gazetteer-2023-cousubs
2502705490	MA	Worcester County	Berlin	town		3479	2024	42.384929	-71.633889	ma-berlin	census-gazetteer-2023-cousubs
2502706015	MA	Worcester County	Blackstone	town		9374	2024	42.039991	-71.532406	ma-blackstone	census-gazetteer-2023-cousubs
2502706365	MA	Worcester County	Bolton	town		5809	2024	42.439933	-71.601885	ma-bolton	census-gazetteer-2023-cousubs
2502707525	MA	Worcester County	Boylston	town		5064	2024	42.355049	-71.716157	ma-boylston	census-gazetteer-2023-cousubs
2502709105	MA	Worcester County	Brookfield	town		3500	2024	42.180807	-72.107888	ma-brookfield	census-gazetteer-2023-cousubs
2502712715	MA	Worcester County	Charlton	town		13606	2024	42.133935	-71.968025	ma-charlton	census-gazetteer-2023-cousubs
2502714395	MA	Worcester County	Clinton	town		15740	2024	42.411887	-71.690005	ma-clinton	census-gazetteer-2023-cousubs
2502717300	MA	Worcester County	Douglas	town		9452	2024	42.053072	-71.752241	ma-douglas	census-gazetteer-2023-cousubs
2502717685	MA	Worcester County	Dudley	town		11984	2024	42.053778	-71.935075	ma-dudley	census-gazetteer-2023-cousubs
2502718560	MA	Worcester County	East Brookfield	town		2237	2024	42.209682	-72.040178	ma-east-brookfield	census-gazetteer-2023-cousubs
2502723875	MA	Worcester County	Fitchburg	city		42145	2024	42.601977	-71.81587	ma-fitchburg	census-gazetteer-2023-cousubs
2502725485	MA	Worcester County	Gardner	city		21381	2024	42.584206	-71.988737	ma-gardner	census-gazetteer-2023-cousubs
2502726430	MA	Worcester County	Grafton	town		20352	2024	42.209151	-71.683644	ma-grafton	census-gazetteer-2023-cousubs
2502728740	MA	Worcester County	Hardwick	town		2722	2024	42.353221	-72.217113	ma-hardwick	census-gazetteer-2023-cousubs
2502728950	MA	Worcester County	Harvard	town		7004	2024	42.504256	-71.588513	ma-harvard	census-gazetteer-2023-cousubs
2502730560	MA	Worcester County	Holden	town		20326	2024	42.355801	-71.862574	ma-holden	census-gazetteer-2023-cousubs
2502730945	MA	Worcester County	Hopedale	town		6063	2024	42.123007	-71.531404	ma-hopedale	census-gazetteer-2023-cousubs
2502731435	MA	Worcester County	Hubbardston	town		4433	2024	42.495111	-72.002339	ma-hubbardston	census-gazetteer-2023-cousubs
2502734165	MA	Worcester County	Lancaster	town		8993	2024	42.483569	-71.675585	ma-lancaster	census-gazetteer-2023-cousubs
2502734795	MA	Worcester County	Leicester	town		11224	2024	42.238427	-71.91234	ma-leicester	census-gazetteer-2023-cousubs
2502735075	MA	Worcester County	Leominster	city		44209	2024	42.520876	-71.770611	ma-leominster	census-gazetteer-2023-cousubs
2502737420	MA	Worcester County	Lunenburg	town		12007	2024	42.582607	-71.720464	ma-lunenburg	census-gazetteer-2023-cousubs
2502740255	MA	Worcester County	Mendon	town		6441	2024	42.09387	-71.544519	ma-mendon	census-gazetteer-2023-cousubs
2502741165	MA	Worcester County	Milford	town		30640	2024	42.158692	-71.521419	ma-milford	census-gazetteer-2023-cousubs
2502741340	MA	Worcester County	Millbury	town		14173	2024	42.192246	-71.777649	ma-millbury	census-gazetteer-2023-cousubs
2502741585	MA	Worcester County	Millville	town		3187	2024	42.036642	-71.578779	ma-millville	census-gazetteer-2023-cousubs
2502745105	MA	Worcester County	New Braintree	town		1010	2024	42.326183	-72.133431	ma-new-braintree	census-gazetteer-2023-cousubs
2502746820	MA	Worcester County	Northborough	town		15867	2024	42.323342	-71.646236	ma-northborough	census-gazetteer-2023-cousubs
2502746925	MA	Worcester County	Northbridge	town		16719	2024	42.128937	-71.655787	ma-northbridge	census-gazetteer-2023-cousubs
2502747135	MA	Worcester County	North Brookfield	town		4797	2024	42.267564	-72.066876	ma-north-brookfield	census-gazetteer-2023-cousubs
2502750670	MA	Worcester County	Oakham	town		1914	2024	42.350862	-72.044248	ma-oakham	census-gazetteer-2023-cousubs
2502751825	MA	Worcester County	Oxford	town		13503	2024	42.12826	-71.8671	ma-oxford	census-gazetteer-2023-cousubs
2502752420	MA	Worcester County	Paxton	town		5043	2024	42.311693	-71.940282	ma-paxton	census-gazetteer-2023-cousubs
2502753120	MA	Worcester County	Petersham	town		1246	2024	42.459222	-72.216335	ma-petersham	census-gazetteer-2023-cousubs
2502753225	MA	Worcester County	Phillipston	town		1759	2024	42.55595	-72.150895	ma-phillipston	census-gazetteer-2023-cousubs
2502755395	MA	Worcester County	Princeton	town		3597	2024	42.454125	-71.87754	ma-princeton	census-gazetteer-2023-cousubs
2502758580	MA	Worcester County	Royalston	town		1291	2024	42.688972	-72.185327	ma-royalston	census-gazetteer-2023-cousubs
2502758825	MA	Worcester County	Rutland	town		9637	2024	42.388285	-71.969865	ma-rutland	census-gazetteer-2023-cousubs
2502761800	MA	Worcester County	Shrewsbury	town		39620	2024	42.284767	-71.714228	ma-shrewsbury	census-gazetteer-2023-cousubs
2502763165	MA	Worcester County	Southborough	town		10569	2024	42.299625	-71.528427	ma-southborough	census-gazetteer-2023-cousubs
2502763345	MA	Worcester County	Southbridge	city		18106	2024	42.059737	-72.033908	ma-southbridge	census-gazetteer-2023-cousubs
2502766105	MA	Worcester County	Spencer	town		12090	2024	42.247211	-71.991867	ma-spencer	census-gazetteer-2023-cousubs
2502767385	MA	Worcester County	Sterling	town		8310	2024	42.447924	-71.776045	ma-sterling	census-gazetteer-2023-cousubs
2502768155	MA	Worcester County	Sturbridge	town		10097	2024	42.10481	-72.08774	ma-sturbridge	census-gazetteer-2023-cousubs
2502768610	MA	Worcester County	Sutton	town		9599	2024	42.132051	-71.750318	ma-sutton	census-gazetteer-2023-cousubs
2502769275	MA	Worcester County	Templeton	town		8387	2024	42.563482	-72.075472	ma-templeton	census-gazetteer-2023-cousubs
2502771480	MA	Worcester County	Upton	town		8475	2024	42.176526	-71.603588	ma-upton	census-gazetteer-2023-cousubs
2502771620	MA	Worcester County	Uxbridge	town		14703	2024	42.061166	-71.643628	ma-uxbridge	census-gazetteer-2023-cousubs
2502773090	MA	Worcester County	Warren	town		5086	2024	42.199604	-72.200006	ma-warren	census-gazetteer-2023-cousubs
2502773895	MA	Worcester County	Webster	town		17817	2024	42.047075	-71.845805	ma-webster	census-gazetteer-2023-cousubs
2502775015	MA	Worcester County	Westborough	town		22643	2024	42.268426	-71.613309	ma-westborough	census-gazetteer-2023-cousubs
2502775155	MA	Worcester County	West Boylston	town		7938	2024	42.369417	-71.785036	ma-west-boylston	census-gazetteer-2023-cousubs
2502775400	MA	Worcester County	West Brookfield	town		3917	2024	42.256691	-72.158169	ma-west-brookfield	census-gazetteer-2023-cousubs
2502777010	MA	Worcester County	Westminster	town		8509	2024	42.5546	-71.90544	ma-westminster	census-gazetteer-2023-cousubs
2502780405	MA	Worcester County	Winchendon	town		10587	2024	42.66816	-72.055644	ma-winchendon	census-gazetteer-2023-cousubs
2502782000	MA	Worcester County	Worcester	city		211286	2024	42.269478	-71.807783	ma-worcester	census-gazetteer-2023-cousubs
2500135	MA		Abington	village_cdp				42.115764	-70.956597	ma-abington-cdp	census-gazetteer-2023-place
2500530	MA		Acushnet Center	village_cdp				41.684996	-70.906686	ma-acushnet-center	census-gazetteer-2023-place
2500590	MA		Adams	village_cdp				42.629085	-73.118747	ma-adams-cdp	census-gazetteer-2023-place
2501430	MA		Andover	village_cdp				42.655672	-71.142244	ma-andover-cdp	census-gazetteer-2023-place
2501640	MA		Arlington	village_cdp				42.418722	-71.163912	ma-arlington-cdp	census-gazetteer-2023-place
2502515	MA		Athol	village_cdp				42.593384	-72.230228	ma-athol-cdp	census-gazetteer-2023-place
2503040	MA		Ayer	village_cdp				42.562221	-71.584844	ma-ayer-cdp	census-gazetteer-2023-place
2503355	MA		Baldwinville	village_cdp				42.604845	-72.078823	ma-baldwinville	census-gazetteer-2023-place
2503705	MA		Barre	village_cdp				42.423007	-72.10638	ma-barre-cdp	census-gazetteer-2023-place
2504790	MA		Belchertown	village_cdp				42.271889	-72.402806	ma-belchertown-cdp	census-gazetteer-2023-place
2504965	MA		Bellingham	village_cdp				42.094041	-71.478631	ma-bellingham-cdp	census-gazetteer-2023-place
2505105	MA		Belmont	village_cdp				42.395317	-71.180284	ma-belmont-cdp	census-gazetteer-2023-place
2506050	MA		Blandford	village_cdp				42.175006	-72.923862	ma-blandford-cdp	census-gazetteer-2023-place
2506170	MA		Bliss Corner	village_cdp				41.605131	-70.942369	ma-bliss-corner	census-gazetteer-2023-place
2507140	MA		Bourne	village_cdp				41.732015	-70.615767	ma-bourne-cdp	census-gazetteer-2023-place
2507385	MA		Boxford	village_cdp				42.663712	-70.984216	ma-boxford-cdp	census-gazetteer-2023-place
2507945	MA		Brewster	village_cdp				41.760926	-70.07037	ma-brewster-cdp	census-gazetteer-2023-place
2509070	MA		Brookfield	village_cdp				42.215	-72.102736	ma-brookfield-cdp	census-gazetteer-2023-place
2509210	MA		Brookline	village_cdp				42.323853	-71.142003	ma-brookline-cdp	census-gazetteer-2023-place
2509875	MA		Burlington	village_cdp				42.503227	-71.201713	ma-burlington-cdp	census-gazetteer-2023-place
2510015	MA		Buzzards Bay	village_cdp				41.754194	-70.616317	ma-buzzards-bay	census-gazetteer-2023-place
2511945	MA		Cedar Crest	village_cdp				42.076447	-70.661403	ma-cedar-crest	census-gazetteer-2023-place
2512960	MA		Chatham	village_cdp				41.673853	-69.962961	ma-chatham-cdp	census-gazetteer-2023-place
2513310	MA		Cheshire	village_cdp				42.561139	-73.162344	ma-cheshire-cdp	census-gazetteer-2023-place
2513450	MA		Chester	village_cdp				42.280713	-72.980145	ma-chester-cdp	census-gazetteer-2023-place
2514430	MA		Clinton	village_cdp				42.41888	-71.686202	ma-clinton-cdp	census-gazetteer-2023-place
2514570	MA		Cochituate	village_cdp				42.327726	-71.352313	ma-cochituate	census-gazetteer-2023-place
2515340	MA		Cordaville	village_cdp				42.272062	-71.522795	ma-cordaville	census-gazetteer-2023-place
2516285	MA		Danvers	village_cdp				42.574174	-70.950516	ma-danvers-cdp	census-gazetteer-2023-place
2516530	MA		Dedham	village_cdp				42.246872	-71.179462	ma-dedham-cdp	census-gazetteer-2023-place
2516635	MA		Deerfield	village_cdp				42.547902	-72.602404	ma-deerfield-cdp	census-gazetteer-2023-place
2516740	MA		Dennis	village_cdp				41.730245	-70.197392	ma-dennis-cdp	census-gazetteer-2023-place
2516810	MA		Dennis Port	village_cdp				41.668067	-70.136979	ma-dennis-port	census-gazetteer-2023-place
2516840	MA		Devens	village_cdp				42.543366	-71.614028	ma-devens	census-gazetteer-2023-place
2517370	MA		Dover	village_cdp				42.246673	-71.268071	ma-dover-cdp	census-gazetteer-2023-place
2517860	MA		Duxbury	village_cdp				42.044352	-70.679239	ma-duxbury-cdp	census-gazetteer-2023-place
2518595	MA		East Brookfield	village_cdp				42.229099	-72.052431	ma-east-brookfield-cdp	census-gazetteer-2023-place
2518840	MA		East Dennis	village_cdp				41.735429	-70.157408	ma-east-dennis	census-gazetteer-2023-place
2518875	MA		East Douglas	village_cdp				42.081104	-71.719485	ma-east-douglas	census-gazetteer-2023-place
2518980	MA		East Falmouth	village_cdp				41.568248	-70.55744	ma-east-falmouth	census-gazetteer-2023-place
2519400	MA		East Harwich	village_cdp				41.708596	-70.031785	ma-east-harwich	census-gazetteer-2023-place
2520310	MA		East Pepperell	village_cdp				42.66253	-71.562103	ma-east-pepperell	census-gazetteer-2023-place
2520380	MA		East Sandwich	village_cdp				41.734256	-70.430675	ma-east-sandwich	census-gazetteer-2023-place
2521115	MA		Edgartown	village_cdp				41.389913	-70.519672	ma-edgartown-cdp	census-gazetteer-2023-place
2521815	MA		Essex	village_cdp				42.640451	-70.771165	ma-essex-cdp	census-gazetteer-2023-place
2523070	MA		Falmouth	village_cdp				41.551391	-70.608849	ma-falmouth-cdp	census-gazetteer-2023-place
2523840	MA		Fiskdale	village_cdp				42.124703	-72.110911	ma-fiskdale	census-gazetteer-2023-place
2524190	MA		Forestdale	village_cdp				41.683488	-70.510786	ma-forestdale	census-gazetteer-2023-place
2524855	MA		Foxborough	village_cdp				42.064024	-71.248401	ma-foxborough-cdp	census-gazetteer-2023-place
2526500	MA		Granby	village_cdp				42.265955	-72.528851	ma-granby-cdp	census-gazetteer-2023-place
2526780	MA		Great Barrington	village_cdp				42.19397	-73.361473	ma-great-barrington-cdp	census-gazetteer-2023-place
2527130	MA		Green Harbor	village_cdp				42.065998	-70.648727	ma-green-harbor	census-gazetteer-2023-place
2527445	MA		Groton	village_cdp				42.611636	-71.564743	ma-groton-cdp	census-gazetteer-2023-place
2528425	MA		Hanscom AFB	village_cdp				42.458233	-71.279322	ma-hanscom-afb	census-gazetteer-2023-place
2528460	MA		Hanson	village_cdp				42.065029	-70.849766	ma-hanson-cdp	census-gazetteer-2023-place
2529055	MA		Harwich Center	village_cdp				41.692084	-70.066316	ma-harwich-center	census-gazetteer-2023-place
2529090	MA		Harwich Port	village_cdp				41.67344	-70.065417	ma-harwich-port	census-gazetteer-2023-place
2529230	MA		Hatfield	village_cdp				42.372883	-72.603741	ma-hatfield-cdp	census-gazetteer-2023-place
2530175	MA		Hingham	village_cdp				42.233136	-70.889526	ma-hingham-cdp	census-gazetteer-2023-place
2530420	MA		Holbrook	village_cdp				42.140346	-70.997861	ma-holbrook-cdp	census-gazetteer-2023-place
2530630	MA		Holland	village_cdp				42.051054	-72.152813	ma-holland-cdp	census-gazetteer-2023-place
2530980	MA		Hopedale	village_cdp				42.126886	-71.540295	ma-hopedale-cdp	census-gazetteer-2023-place
2531050	MA		Hopkinton	village_cdp				42.225563	-71.524096	ma-hopkinton-cdp	census-gazetteer-2023-place
2531295	MA		Housatonic	village_cdp				42.241176	-73.356221	ma-housatonic	census-gazetteer-2023-place
2531575	MA		Hudson	village_cdp				42.392092	-71.564949	ma-hudson-cdp	census-gazetteer-2023-place
2531680	MA		Hull	village_cdp				42.340233	-70.883301	ma-hull-cdp	census-gazetteer-2023-place
2531750	MA		Huntington	village_cdp				42.243835	-72.89182	ma-huntington-cdp	census-gazetteer-2023-place
2532275	MA		Ipswich	village_cdp				42.67573	-70.822007	ma-ipswich-cdp	census-gazetteer-2023-place
2533185	MA		Kingston	village_cdp				41.996182	-70.721545	ma-kingston-cdp	census-gazetteer-2023-place
2534620	MA		Lee	village_cdp				42.306836	-73.250736	ma-lee-cdp	census-gazetteer-2023-place
2534935	MA		Lenox	village_cdp				42.361228	-73.286788	ma-lenox-cdp	census-gazetteer-2023-place
2535040	MA		Lenox Dale	village_cdp				42.333734	-73.249199	ma-lenox-dale	census-gazetteer-2023-place
2535250	MA		Lexington	village_cdp				42.445222	-71.230015	ma-lexington-cdp	census-gazetteer-2023-place
2536020	MA		Littleton Common	village_cdp				42.534482	-71.472129	ma-littleton-common	census-gazetteer-2023-place
2536335	MA		Longmeadow	village_cdp				42.048054	-72.569275	ma-longmeadow-cdp	census-gazetteer-2023-place
2537385	MA		Lunenburg	village_cdp				42.593421	-71.726968	ma-lunenburg-cdp	census-gazetteer-2023-place
2537595	MA		Lynnfield	village_cdp				42.534146	-71.038333	ma-lynnfield-cdp	census-gazetteer-2023-place
2537735	MA		Madaket	village_cdp				41.282385	-70.183306	ma-madaket	census-gazetteer-2023-place
2538230	MA		Mansfield Center	village_cdp				42.02196	-71.217844	ma-mansfield-center	census-gazetteer-2023-place
2538435	MA		Marblehead	village_cdp				42.495629	-70.83582	ma-marblehead-cdp	census-gazetteer-2023-place
2538575	MA		Marion Center	village_cdp				41.696609	-70.755499	ma-marion-center	census-gazetteer-2023-place
2538820	MA		Marshfield	village_cdp				42.102231	-70.689396	ma-marshfield-cdp	census-gazetteer-2023-place
2538960	MA		Marshfield Hills	village_cdp				42.143314	-70.729075	ma-marshfield-hills	census-gazetteer-2023-place
2539152	MA		Mashpee Neck	village_cdp				41.612716	-70.467933	ma-mashpee-neck	census-gazetteer-2023-place
2539485	MA		Mattapoisett Center	village_cdp				41.671964	-70.799167	ma-mattapoisett-center	census-gazetteer-2023-place
2539660	MA		Maynard	village_cdp				42.425955	-71.456256	ma-maynard-cdp	census-gazetteer-2023-place
2539730	MA		Medfield	village_cdp				42.187014	-71.300408	ma-medfield-cdp	census-gazetteer-2023-place
2540885	MA		Middleborough Center	village_cdp				41.894223	-70.925689	ma-middleborough-center	census-gazetteer-2023-place
2541200	MA		Milford	village_cdp				42.150664	-71.517783	ma-milford-cdp	census-gazetteer-2023-place
2541410	MA		Millers Falls	village_cdp				42.579182	-72.492235	ma-millers-falls	census-gazetteer-2023-place
2541532	MA		Millis-Clicquot	village_cdp				42.166821	-71.34923	ma-millis-clicquot	census-gazetteer-2023-place
2541725	MA		Milton	village_cdp				42.241559	-71.082437	ma-milton-cdp	census-gazetteer-2023-place
2541960	MA		Monomoscoy Island	village_cdp				41.575946	-70.499206	ma-monomoscoy-island	census-gazetteer-2023-place
2542180	MA		Monson Center	village_cdp				42.097854	-72.296139	ma-monson-center	census-gazetteer-2023-place
2542670	MA		Monument Beach	village_cdp				41.718895	-70.59999	ma-monument-beach	census-gazetteer-2023-place
2543615	MA		Nahant	village_cdp				42.41824	-70.932728	ma-nahant-cdp	census-gazetteer-2023-place
2543755	MA		Nantucket	village_cdp				41.271448	-70.095881	ma-nantucket-cdp	census-gazetteer-2023-place
2544140	MA		Needham	village_cdp				42.281593	-71.242414	ma-needham-cdp	census-gazetteer-2023-place
2545500	MA		New Seabury	village_cdp				41.574852	-70.479032	ma-new-seabury	census-gazetteer-2023-place
2546785	MA		Northborough	village_cdp				42.31195	-71.647734	ma-northborough-cdp	census-gazetteer-2023-place
2547100	MA		North Brookfield	village_cdp				42.271168	-72.084211	ma-north-brookfield-cdp	census-gazetteer-2023-place
2547590	MA		North Eastham	village_cdp				41.833318	-70.003787	ma-north-eastham	census-gazetteer-2023-place
2547730	MA		North Falmouth	village_cdp				41.641994	-70.630719	ma-north-falmouth	census-gazetteer-2023-place
2547800	MA		Northfield	village_cdp				42.713247	-72.422674	ma-northfield-cdp	census-gazetteer-2023-place
2548220	MA		North Lakeville	village_cdp				41.86001	-70.939271	ma-north-lakeville	census-gazetteer-2023-place
2548710	MA		North Pembroke	village_cdp				42.097738	-70.783273	ma-north-pembroke	census-gazetteer-2023-place
2548780	MA		North Plymouth	village_cdp				41.9753	-70.68064	ma-north-plymouth	census-gazetteer-2023-place
2549165	MA		North Scituate	village_cdp				42.212807	-70.766295	ma-north-scituate	census-gazetteer-2023-place
2549200	MA		North Seekonk	village_cdp				41.884648	-71.330363	ma-north-seekonk	census-gazetteer-2023-place
2549700	MA		Northwest Harwich	village_cdp				41.693625	-70.105289	ma-northwest-harwich	census-gazetteer-2023-place
2549710	MA		North Westport	village_cdp				41.673107	-71.111141	ma-north-westport	census-gazetteer-2023-place
2550005	MA		Norton Center	village_cdp				41.974456	-71.188548	ma-norton-center	census-gazetteer-2023-place
2550285	MA		Norwood	village_cdp				42.187364	-71.195971	ma-norwood-cdp	census-gazetteer-2023-place
2550425	MA		Oak Bluffs	village_cdp				41.453812	-70.56486	ma-oak-bluffs-cdp	census-gazetteer-2023-place
2550862	MA		Ocean Bluff-Brant Rock	village_cdp				42.10221	-70.657581	ma-ocean-bluff-brant-rock	census-gazetteer-2023-place
2550880	MA		Ocean Grove	village_cdp				41.728811	-71.209192	ma-ocean-grove	census-gazetteer-2023-place
2551160	MA		Onset	village_cdp				41.745999	-70.668256	ma-onset	census-gazetteer-2023-place
2551230	MA		Orange	village_cdp				42.605437	-72.292074	ma-orange-cdp	census-gazetteer-2023-place
2551405	MA		Orleans	village_cdp				41.787762	-70.00151	ma-orleans-cdp	census-gazetteer-2023-place
2551790	MA		Oxford	village_cdp				42.115881	-71.870094	ma-oxford-cdp	census-gazetteer-2023-place
2552770	MA		Pepperell	village_cdp				42.675487	-71.592088	ma-pepperell-cdp	census-gazetteer-2023-place
2553085	MA		Petersham	village_cdp				42.491042	-72.187249	ma-petersham-cdp	census-gazetteer-2023-place
2553680	MA		Pinehurst	village_cdp				42.533516	-71.233491	ma-pinehurst	census-gazetteer-2023-place
2554275	MA		Plymouth	village_cdp				41.958343	-70.6638	ma-plymouth-cdp	census-gazetteer-2023-place
2554450	MA		Pocasset	village_cdp				41.687021	-70.649637	ma-pocasset	census-gazetteer-2023-place
2555070	MA		Popponesset	village_cdp				41.573602	-70.463407	ma-popponesset	census-gazetteer-2023-place
2555090	MA		Popponesset Island	village_cdp				41.583856	-70.46014	ma-popponesset-island	census-gazetteer-2023-place
2555535	MA		Provincetown	village_cdp				42.056519	-70.178454	ma-provincetown-cdp	census-gazetteer-2023-place
2556095	MA		Raynham Center	village_cdp				41.93048	-71.046214	ma-raynham-center	census-gazetteer-2023-place
2556165	MA		Reading	village_cdp				42.535183	-71.105423	ma-reading-cdp	census-gazetteer-2023-place
2557845	MA		Rockport	village_cdp				42.640699	-70.62025	ma-rockport-cdp	census-gazetteer-2023-place
2558370	MA		Rowley	village_cdp				42.717971	-70.866915	ma-rowley-cdp	census-gazetteer-2023-place
2558615	MA		Russell	village_cdp				42.203935	-72.861862	ma-russell-cdp	census-gazetteer-2023-place
2558790	MA		Rutland	village_cdp				42.371533	-71.957737	ma-rutland-cdp	census-gazetteer-2023-place
2558965	MA		Sagamore	village_cdp				41.782818	-70.532103	ma-sagamore	census-gazetteer-2023-place
2559210	MA		Salisbury	village_cdp				42.831098	-70.847109	ma-salisbury-cdp	census-gazetteer-2023-place
2559700	MA		Sandwich	village_cdp				41.757066	-70.498025	ma-sandwich-cdp	census-gazetteer-2023-place
2560050	MA		Saugus	village_cdp				42.468432	-71.013946	ma-saugus-cdp	census-gazetteer-2023-place
2560295	MA		Scituate	village_cdp				42.180292	-70.734385	ma-scituate-cdp	census-gazetteer-2023-place
2560505	MA		Seabrook	village_cdp				41.585381	-70.497953	ma-seabrook	census-gazetteer-2023-place
2560627	MA		Seconsett Island	village_cdp				41.566793	-70.512224	ma-seconsett-island	census-gazetteer-2023-place
2560820	MA		Sharon	village_cdp				42.117516	-71.186029	ma-sharon-cdp	census-gazetteer-2023-place
2561205	MA		Shelburne Falls	village_cdp				42.609512	-72.746979	ma-shelburne-falls	census-gazetteer-2023-place
2561555	MA		Shirley	village_cdp				42.536467	-71.667352	ma-shirley-cdp	census-gazetteer-2023-place
2561940	MA		Siasconset	village_cdp				41.265264	-69.97303	ma-siasconset	census-gazetteer-2023-place
2562300	MA		Smith Mills	village_cdp				41.646744	-70.998368	ma-smith-mills	census-gazetteer-2023-place
2562465	MA		Somerset	village_cdp				41.738483	-71.165053	ma-somerset-cdp	census-gazetteer-2023-place
2562780	MA		South Ashburnham	village_cdp				42.621064	-71.943433	ma-south-ashburnham	census-gazetteer-2023-place
2563620	MA		South Deerfield	village_cdp				42.481395	-72.589793	ma-south-deerfield	census-gazetteer-2023-place
2563655	MA		South Dennis	village_cdp				41.704066	-70.150651	ma-south-dennis	census-gazetteer-2023-place
2563690	MA		South Duxbury	village_cdp				42.018108	-70.689652	ma-south-duxbury	census-gazetteer-2023-place
2564460	MA		South Lancaster	village_cdp				42.437021	-71.697093	ma-south-lancaster	census-gazetteer-2023-place
2566035	MA		South Yarmouth	village_cdp				41.667083	-70.200793	ma-south-yarmouth	census-gazetteer-2023-place
2566070	MA		Spencer	village_cdp				42.248575	-71.99313	ma-spencer-cdp	census-gazetteer-2023-place
2567700	MA		Stoneham	village_cdp				42.474208	-71.097665	ma-stoneham-cdp	census-gazetteer-2023-place
2568120	MA		Sturbridge	village_cdp				42.097106	-72.054995	ma-sturbridge-cdp	census-gazetteer-2023-place
2568680	MA		Swampscott	village_cdp				42.468059	-70.89126	ma-swampscott-cdp	census-gazetteer-2023-place
2569205	MA		Teaticket	village_cdp				41.562579	-70.587349	ma-teaticket	census-gazetteer-2023-place
2569585	MA		The Pinehills	village_cdp				41.895788	-70.594853	ma-the-pinehills	census-gazetteer-2023-place
2570115	MA		Topsfield	village_cdp				42.639401	-70.955279	ma-topsfield-cdp	census-gazetteer-2023-place
2570325	MA		Townsend	village_cdp				42.676668	-71.70977	ma-townsend-cdp	census-gazetteer-2023-place
2570815	MA		Turners Falls	village_cdp				42.596675	-72.556496	ma-turners-falls	census-gazetteer-2023-place
2571445	MA		Upton	village_cdp				42.182147	-71.610847	ma-upton-cdp	census-gazetteer-2023-place
2571970	MA		Vineyard Haven	village_cdp				41.457176	-70.607459	ma-vineyard-haven	census-gazetteer-2023-place
2572250	MA		Wakefield	village_cdp				42.504361	-71.064061	ma-wakefield-cdp	census-gazetteer-2023-place
2572460	MA		Walpole	village_cdp				42.13386	-71.240298	ma-walpole-cdp	census-gazetteer-2023-place
2572845	MA		Ware	village_cdp				42.250064	-72.247655	ma-ware-cdp	census-gazetteer-2023-place
2573020	MA		Wareham Center	village_cdp				41.747468	-70.720092	ma-wareham-center	census-gazetteer-2023-place
2573055	MA		Warren	village_cdp				42.218285	-72.185597	ma-warren-cdp	census-gazetteer-2023-place
2573930	MA		Webster	village_cdp				42.046314	-71.874522	ma-webster-cdp	census-gazetteer-2023-place
2574210	MA		Wellesley	village_cdp				42.305932	-71.282917	ma-wellesley-cdp	census-gazetteer-2023-place
2575050	MA		Westborough	village_cdp				42.267441	-71.617492	ma-westborough-cdp	census-gazetteer-2023-place
2575365	MA		West Brookfield	village_cdp				42.24188	-72.146862	ma-west-brookfield-cdp	census-gazetteer-2023-place
2575505	MA		West Chatham	village_cdp				41.680978	-69.992569	ma-west-chatham	census-gazetteer-2023-place
2575680	MA		West Concord	village_cdp				42.451857	-71.403179	ma-west-concord	census-gazetteer-2023-place
2575820	MA		West Dennis	village_cdp				41.666716	-70.165855	ma-west-dennis	census-gazetteer-2023-place
2575960	MA		West Falmouth	village_cdp				41.601499	-70.639319	ma-west-falmouth	census-gazetteer-2023-place
2578410	MA		West Wareham	village_cdp				41.791736	-70.757872	ma-west-wareham	census-gazetteer-2023-place
2578445	MA		West Warren	village_cdp				42.219308	-72.231228	ma-west-warren	census-gazetteer-2023-place
2578795	MA		West Yarmouth	village_cdp				41.647227	-70.249978	ma-west-yarmouth	census-gazetteer-2023-place
2578850	MA		Weweantic	village_cdp				41.747597	-70.740024	ma-weweantic	census-gazetteer-2023-place
2579390	MA		White Island Shores	village_cdp				41.797819	-70.637167	ma-white-island-shores	census-gazetteer-2023-place
2579495	MA		Whitinsville	village_cdp				42.1188	-71.672496	ma-whitinsville	census-gazetteer-2023-place
2579705	MA		Wilbraham	village_cdp				42.132114	-72.438154	ma-wilbraham-cdp	census-gazetteer-2023-place
2579950	MA		Williamstown	village_cdp				42.708906	-73.201361	ma-williamstown-cdp	census-gazetteer-2023-place
2580195	MA		Wilmington	village_cdp				42.564647	-71.164516	ma-wilmington-cdp	census-gazetteer-2023-place
2580370	MA		Winchendon	village_cdp				42.680415	-72.04204	ma-winchendon-cdp	census-gazetteer-2023-place
2580545	MA		Winchester	village_cdp				42.452752	-71.144319	ma-winchester-cdp	census-gazetteer-2023-place
2581245	MA		Woods Hole	village_cdp				41.528692	-70.666481	ma-woods-hole	census-gazetteer-2023-place
2582595	MA		Yarmouth Port	village_cdp				41.707149	-70.220928	ma-yarmouth-port	census-gazetteer-2023-place
3300101060	NH	Belknap County	Alton	town		6051	2024	43.488323	-71.240617	nh-alton	census-gazetteer-2023-cousubs
3300103220	NH	Belknap County	Barnstead	town		5036	2024	43.348588	-71.256896	nh-barnstead	census-gazetteer-2023-cousubs
3300104740	NH	Belknap County	Belmont	town		7428	2024	43.474455	-71.482208	nh-belmont	census-gazetteer-2023-cousubs
3300110660	NH	Belknap County	Center Harbor	town		1047	2024	43.702775	-71.510443	nh-center-harbor	census-gazetteer-2023-cousubs
3300128740	NH	Belknap County	Gilford	town		7886	2024	43.519499	-71.375838	nh-gilford	census-gazetteer-2023-cousubs
3300128980	NH	Belknap County	Gilmanton	town		4072	2024	43.43159	-71.366322	nh-gilmanton	census-gazetteer-2023-cousubs
3300140180	NH	Belknap County	Laconia	city		17310	2024	43.576535	-71.482263	nh-laconia	census-gazetteer-2023-cousubs
3300147140	NH	Belknap County	Meredith	town		6829	2024	43.631211	-71.498585	nh-meredith	census-gazetteer-2023-cousubs
3300151540	NH	Belknap County	New Hampton	town		2425	2024	43.623436	-71.632547	nh-new-hampton	census-gazetteer-2023-cousubs
3300167300	NH	Belknap County	Sanbornton	town		3057	2024	43.524186	-71.601607	nh-sanbornton	census-gazetteer-2023-cousubs
3300177060	NH	Belknap County	Tilton	town		4116	2024	43.471211	-71.576458	nh-tilton	census-gazetteer-2023-cousubs
3300300420	NH	Carroll County	Albany	town		784	2024	43.95945	-71.274251	nh-albany	census-gazetteer-2023-cousubs
3300303700	NH	Carroll County	Bartlett	town		3323	2024	44.077237	-71.221265	nh-bartlett	census-gazetteer-2023-cousubs
3300307940	NH	Carroll County	Brookfield	town		824	2024	43.561279	-71.093391	nh-brookfield	census-gazetteer-2023-cousubs
3300311780	NH	Carroll County	Chatham	town		351	2024	44.127498	-71.060691	nh-chatham	census-gazetteer-2023-cousubs
3300314660	NH	Carroll County	Conway	town		10296	2024	44.005785	-71.06517	nh-conway	census-gazetteer-2023-cousubs
3300323380	NH	Carroll County	Eaton	town		428	2024	43.90696	-71.04752	nh-eaton	census-gazetteer-2023-cousubs
3300323620	NH	Carroll County	Effingham	town		1795	2024	43.746733	-71.04191	nh-effingham	census-gazetteer-2023-cousubs
3300327700	NH	Carroll County	Freedom	town		1716	2024	43.842036	-71.075161	nh-freedom	census-gazetteer-2023-cousubs
3300332500	NH	Carroll County	Hale's	unorganized_territory		138	2024	44.038403	-71.170888	nh-hales	census-gazetteer-2023-cousubs
3300334500	NH	Carroll County	Hart's Location	town		64	2024	44.140912	-71.375633	nh-harts-location	census-gazetteer-2023-cousubs
3300338260	NH	Carroll County	Jackson	town		1070	2024	44.18762	-71.155763	nh-jackson	census-gazetteer-2023-cousubs
3300345060	NH	Carroll County	Madison	town		2725	2024	43.908458	-71.15382	nh-madison	census-gazetteer-2023-cousubs
3300349380	NH	Carroll County	Moultonborough	town		5243	2024	43.720515	-71.368582	nh-moultonborough	census-gazetteer-2023-cousubs
3300358740	NH	Carroll County	Ossipee	town		4608	2024	43.737249	-71.150349	nh-ossipee	census-gazetteer-2023-cousubs
3300367780	NH	Carroll County	Sandwich	town		1544	2024	43.838564	-71.443132	nh-sandwich	census-gazetteer-2023-cousubs
3300376100	NH	Carroll County	Tamworth	town		2902	2024	43.864038	-71.296068	nh-tamworth	census-gazetteer-2023-cousubs
3300377620	NH	Carroll County	Tuftonboro	town		2636	2024	43.669877	-71.275891	nh-tuftonboro	census-gazetteer-2023-cousubs
3300378180	NH	Carroll County	Wakefield	town		5508	2024	43.592806	-71.007798	nh-wakefield	census-gazetteer-2023-cousubs
3300386420	NH	Carroll County	Wolfeboro	town		6625	2024	43.614448	-71.169156	nh-wolfeboro	census-gazetteer-2023-cousubs
3300500820	NH	Cheshire County	Alstead	town		1925	2024	43.091742	-72.310321	nh-alstead	census-gazetteer-2023-cousubs
3300512260	NH	Cheshire County	Chesterfield	town		3660	2024	42.888002	-72.443472	nh-chesterfield	census-gazetteer-2023-cousubs
3300519140	NH	Cheshire County	Dublin	town		1593	2024	42.889279	-72.069849	nh-dublin	census-gazetteer-2023-cousubs
3300526500	NH	Cheshire County	Fitzwilliam	town		2483	2024	42.753205	-72.153028	nh-fitzwilliam	census-gazetteer-2023-cousubs
3300529220	NH	Cheshire County	Gilsum	town		786	2024	43.041227	-72.262369	nh-gilsum	census-gazetteer-2023-cousubs
3300534420	NH	Cheshire County	Harrisville	town		1003	2024	42.948536	-72.068986	nh-harrisville	census-gazetteer-2023-cousubs
3300536660	NH	Cheshire County	Hinsdale	town		4027	2024	42.809298	-72.504822	nh-hinsdale	census-gazetteer-2023-cousubs
3300538500	NH	Cheshire County	Jaffrey	town		5549	2024	42.829254	-72.059901	nh-jaffrey	census-gazetteer-2023-cousubs
3300539300	NH	Cheshire County	Keene	city		23036	2024	42.953842	-72.306875	nh-keene	census-gazetteer-2023-cousubs
3300545460	NH	Cheshire County	Marlborough	town		2193	2024	42.886226	-72.177684	nh-marlborough	census-gazetteer-2023-cousubs
3300545700	NH	Cheshire County	Marlow	town		774	2024	43.138544	-72.208769	nh-marlow	census-gazetteer-2023-cousubs
3300550580	NH	Cheshire County	Nelson	town		667	2024	42.999482	-72.121703	nh-nelson	census-gazetteer-2023-cousubs
3300564420	NH	Cheshire County	Richmond	town		1239	2024	42.773484	-72.278745	nh-richmond	census-gazetteer-2023-cousubs
3300564580	NH	Cheshire County	Rindge	town		6543	2024	42.756663	-72.013247	nh-rindge	census-gazetteer-2023-cousubs
3300565700	NH	Cheshire County	Roxbury	town		225	2024	42.951105	-72.199742	nh-roxbury	census-gazetteer-2023-cousubs
3300573700	NH	Cheshire County	Stoddard	town		1449	2024	43.076314	-72.113952	nh-stoddard	census-gazetteer-2023-cousubs
3300574900	NH	Cheshire County	Sullivan	town		695	2024	43.020616	-72.214374	nh-sullivan	census-gazetteer-2023-cousubs
3300575300	NH	Cheshire County	Surry	town		861	2024	43.018778	-72.343383	nh-surry	census-gazetteer-2023-cousubs
3300575700	NH	Cheshire County	Swanzey	town		7463	2024	42.858271	-72.29636	nh-swanzey	census-gazetteer-2023-cousubs
3300577380	NH	Cheshire County	Troy	town		2198	2024	42.828798	-72.188943	nh-troy	census-gazetteer-2023-cousubs
3300578420	NH	Cheshire County	Walpole	town		3717	2024	43.081102	-72.403127	nh-walpole	census-gazetteer-2023-cousubs
3300582660	NH	Cheshire County	Westmoreland	town		1737	2024	42.968075	-72.430856	nh-westmoreland	census-gazetteer-2023-cousubs
3300585540	NH	Cheshire County	Winchester	town		4255	2024	42.789314	-72.395238	nh-winchester	census-gazetteer-2023-cousubs
3300702420	NH	Coos County	Atkinson and Gilmanton Academy	unorganized_territory		2	2024	44.995891	-71.122281	nh-atkinson-and-gilmanton-academy	census-gazetteer-2023-cousubs
3300704100	NH	Coos County	Beans	unorganized_territory		0	2024	44.222683	-71.376589	nh-beans	census-gazetteer-2023-cousubs
3300704260	NH	Coos County	Beans	unorganized_territory		0	2024	44.289758	-71.152198	nh-beans-2	census-gazetteer-2023-cousubs
3300705140	NH	Coos County	Berlin	city		9248	2024	44.484328	-71.277123	nh-berlin	census-gazetteer-2023-cousubs
3300708420	NH	Coos County	Cambridge	unorganized_territory		12	2024	44.659301	-71.097522	nh-cambridge	census-gazetteer-2023-cousubs
3300710100	NH	Coos County	Carroll	town		839	2024	44.305266	-71.497376	nh-carroll	census-gazetteer-2023-cousubs
3300711220	NH	Coos County	Chandlers	unorganized_territory		0	2024	44.261058	-71.358654	nh-chandlers	census-gazetteer-2023-cousubs
3300713220	NH	Coos County	Clarksville	town		285	2024	45.018249	-71.325569	nh-clarksville	census-gazetteer-2023-cousubs
3300713780	NH	Coos County	Colebrook	town		2100	2024	44.895204	-71.409528	nh-colebrook	census-gazetteer-2023-cousubs
3300713940	NH	Coos County	Columbia	town		667	2024	44.816184	-71.512441	nh-columbia	census-gazetteer-2023-cousubs
3300716100	NH	Coos County	Crawfords	unorganized_territory		0	2024	44.262335	-71.40151	nh-crawfords	census-gazetteer-2023-cousubs
3300716660	NH	Coos County	Cutts	unorganized_territory		0	2024	44.204927	-71.33583	nh-cutts	census-gazetteer-2023-cousubs
3300716820	NH	Coos County	Dalton	town		912	2024	44.394773	-71.688907	nh-dalton	census-gazetteer-2023-cousubs
3300718340	NH	Coos County	Dixs	unorganized_territory		1	2024	44.920423	-71.191801	nh-dixs	census-gazetteer-2023-cousubs
3300718420	NH	Coos County	Dixville	unorganized_territory		5	2024	44.869592	-71.256477	nh-dixville	census-gazetteer-2023-cousubs
3300719300	NH	Coos County	Dummer	town		313	2024	44.66501	-71.251806	nh-dummer	census-gazetteer-2023-cousubs
3300725140	NH	Coos County	Errol	town		293	2024	44.758253	-71.108812	nh-errol	census-gazetteer-2023-cousubs
3300725180	NH	Coos County	Ervings	unorganized_territory		0	2024	44.800424	-71.343659	nh-ervings	census-gazetteer-2023-cousubs
3300730260	NH	Coos County	Gorham	town		2673	2024	44.393423	-71.19849	nh-gorham	census-gazetteer-2023-cousubs
3300731780	NH	Coos County	Greens	unorganized_territory		4	2024	44.290017	-71.218153	nh-greens	census-gazetteer-2023-cousubs
3300732420	NH	Coos County	Hadleys	unorganized_territory		0	2024	44.126078	-71.332407	nh-hadleys	census-gazetteer-2023-cousubs
3300738820	NH	Coos County	Jefferson	town		1060	2024	44.396741	-71.464694	nh-jefferson	census-gazetteer-2023-cousubs
3300739940	NH	Coos County	Kilkenny	unorganized_territory		0	2024	44.479595	-71.405486	nh-kilkenny	census-gazetteer-2023-cousubs
3300740420	NH	Coos County	Lancaster	town		3212	2024	44.472363	-71.544149	nh-lancaster	census-gazetteer-2023-cousubs
3300743620	NH	Coos County	Low and Burbanks	unorganized_territory		0	2024	44.329511	-71.348094	nh-low-and-burbanks	census-gazetteer-2023-cousubs
3300746020	NH	Coos County	Martins	unorganized_territory		0	2024	44.330433	-71.202479	nh-martins	census-gazetteer-2023-cousubs
3300747860	NH	Coos County	Milan	town		1359	2024	44.553867	-71.218255	nh-milan	census-gazetteer-2023-cousubs
3300748260	NH	Coos County	Millsfield	unorganized_territory		23	2024	44.747716	-71.261574	nh-millsfield	census-gazetteer-2023-cousubs
3300756100	NH	Coos County	Northumberland	town		2107	2024	44.568495	-71.5193	nh-northumberland	census-gazetteer-2023-cousubs
3300757860	NH	Coos County	Odell	unorganized_territory		0	2024	44.744941	-71.381331	nh-odell	census-gazetteer-2023-cousubs
3300761620	NH	Coos County	Pinkhams	unorganized_territory		0	2024	44.256955	-71.241579	nh-pinkhams	census-gazetteer-2023-cousubs
3300761780	NH	Coos County	Pittsburg	town		837	2024	45.145326	-71.254877	nh-pittsburg	census-gazetteer-2023-cousubs
3300763860	NH	Coos County	Randolph	town		327	2024	44.397489	-71.305053	nh-randolph	census-gazetteer-2023-cousubs
3300767860	NH	Coos County	Sargents	unorganized_territory		0	2024	44.215547	-71.302898	nh-sargents	census-gazetteer-2023-cousubs
3300768500	NH	Coos County	Second College	unorganized_territory		0	2024	44.92427	-71.125487	nh-second-college	census-gazetteer-2023-cousubs
3300768980	NH	Coos County	Shelburne	town		360	2024	44.367172	-71.087115	nh-shelburne	census-gazetteer-2023-cousubs
3300773060	NH	Coos County	Stark	town		467	2024	44.595126	-71.403249	nh-stark	census-gazetteer-2023-cousubs
3300773380	NH	Coos County	Stewartstown	town		775	2024	44.96067	-71.406991	nh-stewartstown	census-gazetteer-2023-cousubs
3300774180	NH	Coos County	Stratford	town		651	2024	44.715053	-71.52754	nh-stratford	census-gazetteer-2023-cousubs
3300774500	NH	Coos County	Success	unorganized_territory		5	2024	44.512692	-71.072713	nh-success	census-gazetteer-2023-cousubs
3300776580	NH	Coos County	Thompson and Meserves	unorganized_territory		1	2024	44.297119	-71.277804	nh-thompson-and-meserves	census-gazetteer-2023-cousubs
3300780740	NH	Coos County	Wentworth	unorganized_territory		28	2024	44.845026	-71.095874	nh-wentworth	census-gazetteer-2023-cousubs
3300784420	NH	Coos County	Whitefield	town		2528	2024	44.375513	-71.589598	nh-whitefield	census-gazetteer-2023-cousubs
3300900580	NH	Grafton County	Alexandria	town		1759	2024	43.622322	-71.856277	nh-alexandria	census-gazetteer-2023-cousubs
3300902020	NH	Grafton County	Ashland	town		1954	2024	43.725967	-71.642579	nh-ashland	census-gazetteer-2023-cousubs
3300903940	NH	Grafton County	Bath	town		1109	2024	44.182955	-71.987011	nh-bath	census-gazetteer-2023-cousubs
3300905060	NH	Grafton County	Benton	town		360	2024	44.035925	-71.846557	nh-benton	census-gazetteer-2023-cousubs
3300905460	NH	Grafton County	Bethlehem	town		2554	2024	44.260435	-71.609203	nh-bethlehem	census-gazetteer-2023-cousubs
3300907540	NH	Grafton County	Bridgewater	town		1184	2024	43.651247	-71.686005	nh-bridgewater	census-gazetteer-2023-cousubs
3300907700	NH	Grafton County	Bristol	town		3276	2024	43.624415	-71.710324	nh-bristol	census-gazetteer-2023-cousubs
3300908660	NH	Grafton County	Campton	town		3434	2024	43.830862	-71.64607	nh-campton	census-gazetteer-2023-cousubs
3300908980	NH	Grafton County	Canaan	town		3820	2024	43.687687	-72.043987	nh-canaan	census-gazetteer-2023-cousubs
3300918740	NH	Grafton County	Dorchester	town		339	2024	43.748186	-71.988184	nh-dorchester	census-gazetteer-2023-cousubs
3300922020	NH	Grafton County	Easton	town		300	2024	44.101177	-71.795115	nh-easton	census-gazetteer-2023-cousubs
3300923860	NH	Grafton County	Ellsworth	town		93	2024	43.911799	-71.768996	nh-ellsworth	census-gazetteer-2023-cousubs
3300924340	NH	Grafton County	Enfield	town		4482	2024	43.603314	-72.118598	nh-enfield	census-gazetteer-2023-cousubs
3300927300	NH	Grafton County	Franconia	town		1142	2024	44.177045	-71.618733	nh-franconia	census-gazetteer-2023-cousubs
3300930820	NH	Grafton County	Grafton	town		1414	2024	43.574691	-71.951919	nh-grafton	census-gazetteer-2023-cousubs
3300932180	NH	Grafton County	Groton	town		587	2024	43.725276	-71.86493	nh-groton	census-gazetteer-2023-cousubs
3300933860	NH	Grafton County	Hanover	town		12005	2024	43.721023	-72.185207	nh-hanover	census-gazetteer-2023-cousubs
3300934820	NH	Grafton County	Haverhill	town		4620	2024	44.075844	-72.00465	nh-haverhill	census-gazetteer-2023-cousubs
3300935220	NH	Grafton County	Hebron	town		653	2024	43.693579	-71.792047	nh-hebron	census-gazetteer-2023-cousubs
3300936900	NH	Grafton County	Holderness	town		2030	2024	43.761761	-71.582529	nh-holderness	census-gazetteer-2023-cousubs
3300940660	NH	Grafton County	Landaff	town		442	2024	44.160094	-71.885201	nh-landaff	census-gazetteer-2023-cousubs
3300941300	NH	Grafton County	Lebanon	city		15389	2024	43.635428	-72.253837	nh-lebanon	census-gazetteer-2023-cousubs
3300941860	NH	Grafton County	Lincoln	town		1654	2024	44.09469	-71.631382	nh-lincoln	census-gazetteer-2023-cousubs
3300942020	NH	Grafton County	Lisbon	town		1638	2024	44.242257	-71.848617	nh-lisbon	census-gazetteer-2023-cousubs
3300942580	NH	Grafton County	Littleton	town		6032	2024	44.343351	-71.795118	nh-littleton	census-gazetteer-2023-cousubs
3300942820	NH	Grafton County	Livermore	unorganized_territory		0	2024	44.069466	-71.420016	nh-livermore	census-gazetteer-2023-cousubs
3300944100	NH	Grafton County	Lyman	town		584	2024	44.257464	-71.934489	nh-lyman	census-gazetteer-2023-cousubs
3300944260	NH	Grafton County	Lyme	town		1730	2024	43.816634	-72.094295	nh-lyme	census-gazetteer-2023-cousubs
3300948980	NH	Grafton County	Monroe	town		869	2024	44.296605	-71.980684	nh-monroe	census-gazetteer-2023-cousubs
3300958340	NH	Grafton County	Orange	town		283	2024	43.679341	-71.921827	nh-orange	census-gazetteer-2023-cousubs
3300958500	NH	Grafton County	Orford	town		1237	2024	43.883333	-72.033845	nh-orford	census-gazetteer-2023-cousubs
3300961060	NH	Grafton County	Piermont	town		769	2024	43.961851	-72.001293	nh-piermont	census-gazetteer-2023-cousubs
3300962660	NH	Grafton County	Plymouth	town		6621	2024	43.743912	-71.726744	nh-plymouth	census-gazetteer-2023-cousubs
3300965940	NH	Grafton County	Rumney	town		1495	2024	43.834707	-71.774335	nh-rumney	census-gazetteer-2023-cousubs
3300974740	NH	Grafton County	Sugar Hill	town		683	2024	44.21841	-71.80024	nh-sugar-hill	census-gazetteer-2023-cousubs
3300976740	NH	Grafton County	Thornton	town		2863	2024	43.947877	-71.635785	nh-thornton	census-gazetteer-2023-cousubs
3300978740	NH	Grafton County	Warren	town		829	2024	43.965803	-71.859117	nh-warren	census-gazetteer-2023-cousubs
3300979380	NH	Grafton County	Waterville Valley	town		520	2024	43.942831	-71.448052	nh-waterville-valley	census-gazetteer-2023-cousubs
3300980500	NH	Grafton County	Wentworth	town		846	2024	43.858721	-71.923718	nh-wentworth-2	census-gazetteer-2023-cousubs
3300987060	NH	Grafton County	Woodstock	town		1446	2024	43.999889	-71.714447	nh-woodstock	census-gazetteer-2023-cousubs
3301101300	NH	Hillsborough County	Amherst	town		11914	2024	42.874824	-71.600533	nh-amherst	census-gazetteer-2023-cousubs
3301101700	NH	Hillsborough County	Antrim	town		2720	2024	43.050292	-71.981968	nh-antrim	census-gazetteer-2023-cousubs
3301104500	NH	Hillsborough County	Bedford	town		23856	2024	42.935584	-71.536871	nh-bedford	census-gazetteer-2023-cousubs
3301104900	NH	Hillsborough County	Bennington	town		1507	2024	43.020284	-71.903705	nh-bennington	census-gazetteer-2023-cousubs
3301108100	NH	Hillsborough County	Brookline	town		5815	2024	42.749263	-71.67567	nh-brookline	census-gazetteer-2023-cousubs
3301117780	NH	Hillsborough County	Deering	town		1922	2024	43.083105	-71.860603	nh-deering	census-gazetteer-2023-cousubs
3301127140	NH	Hillsborough County	Francestown	town		1645	2024	42.994135	-71.816098	nh-francestown	census-gazetteer-2023-cousubs
3301129860	NH	Hillsborough County	Goffstown	town		18488	2024	43.019198	-71.555445	nh-goffstown	census-gazetteer-2023-cousubs
3301131540	NH	Hillsborough County	Greenfield	town		1696	2024	42.93874	-71.879424	nh-greenfield	census-gazetteer-2023-cousubs
3301131940	NH	Hillsborough County	Greenville	town		2005	2024	42.757935	-71.799416	nh-greenville	census-gazetteer-2023-cousubs
3301133700	NH	Hillsborough County	Hancock	town		1753	2024	42.977339	-71.997821	nh-hancock	census-gazetteer-2023-cousubs
3301136180	NH	Hillsborough County	Hillsborough	town		6089	2024	43.146685	-71.951025	nh-hillsborough	census-gazetteer-2023-cousubs
3301137140	NH	Hillsborough County	Hollis	town		8746	2024	42.749624	-71.585402	nh-hollis	census-gazetteer-2023-cousubs
3301137940	NH	Hillsborough County	Hudson	town		25787	2024	42.760497	-71.409393	nh-hudson	census-gazetteer-2023-cousubs
3301142260	NH	Hillsborough County	Litchfield	town		8554	2024	42.846081	-71.468283	nh-litchfield	census-gazetteer-2023-cousubs
3301144580	NH	Hillsborough County	Lyndeborough	town		1712	2024	42.896409	-71.768331	nh-lyndeborough	census-gazetteer-2023-cousubs
3301145140	NH	Hillsborough County	Manchester	city		116386	2024	42.984941	-71.444131	nh-manchester	census-gazetteer-2023-cousubs
3301146260	NH	Hillsborough County	Mason	town		1461	2024	42.742181	-71.750968	nh-mason	census-gazetteer-2023-cousubs
3301147540	NH	Hillsborough County	Merrimack	town		29367	2024	42.852034	-71.519876	nh-merrimack	census-gazetteer-2023-cousubs
3301148020	NH	Hillsborough County	Milford	town		16530	2024	42.818645	-71.673354	nh-milford	census-gazetteer-2023-cousubs
3301149140	NH	Hillsborough County	Mont Vernon	town		2683	2024	42.908885	-71.694199	nh-mont-vernon	census-gazetteer-2023-cousubs
3301150260	NH	Hillsborough County	Nashua	city		91851	2024	42.749074	-71.490544	nh-nashua	census-gazetteer-2023-cousubs
3301150740	NH	Hillsborough County	New Boston	town		6219	2024	42.981209	-71.67752	nh-new-boston	census-gazetteer-2023-cousubs
3301151940	NH	Hillsborough County	New Ipswich	town		5405	2024	42.746257	-71.874434	nh-new-ipswich	census-gazetteer-2023-cousubs
3301159940	NH	Hillsborough County	Pelham	town		14685	2024	42.730992	-71.337075	nh-pelham	census-gazetteer-2023-cousubs
3301160580	NH	Hillsborough County	Peterborough	town		6433	2024	42.890077	-71.941157	nh-peterborough	census-gazetteer-2023-cousubs
3301168820	NH	Hillsborough County	Sharon	town		353	2024	42.816215	-71.934424	nh-sharon	census-gazetteer-2023-cousubs
3301176260	NH	Hillsborough County	Temple	town		1401	2024	42.826723	-71.875416	nh-temple	census-gazetteer-2023-cousubs
3301179780	NH	Hillsborough County	Weare	town		9220	2024	43.078287	-71.703508	nh-weare	census-gazetteer-2023-cousubs
3301185220	NH	Hillsborough County	Wilton	town		3985	2024	42.835302	-71.769155	nh-wilton	census-gazetteer-2023-cousubs
3301185940	NH	Hillsborough County	Windsor	town		274	2024	43.113044	-72.013639	nh-windsor	census-gazetteer-2023-cousubs
3301300660	NH	Merrimack County	Allenstown	town		4765	2024	43.143341	-71.386106	nh-allenstown	census-gazetteer-2023-cousubs
3301301460	NH	Merrimack County	Andover	town		2450	2024	43.450724	-71.7906	nh-andover	census-gazetteer-2023-cousubs
3301306260	NH	Merrimack County	Boscawen	town		4153	2024	43.311717	-71.665381	nh-boscawen	census-gazetteer-2023-cousubs
3301306500	NH	Merrimack County	Bow	town		8397	2024	43.133177	-71.537242	nh-bow	census-gazetteer-2023-cousubs
3301306980	NH	Merrimack County	Bradford	town		1722	2024	43.224128	-71.966175	nh-bradford	census-gazetteer-2023-cousubs
3301309860	NH	Merrimack County	Canterbury	town		2467	2024	43.352567	-71.533765	nh-canterbury	census-gazetteer-2023-cousubs
3301312420	NH	Merrimack County	Chichester	town		2811	2024	43.265259	-71.408835	nh-chichester	census-gazetteer-2023-cousubs
3301314200	NH	Merrimack County	Concord	city		44674	2024	43.232493	-71.561252	nh-concord	census-gazetteer-2023-cousubs
3301316980	NH	Merrimack County	Danbury	town		1303	2024	43.528318	-71.868472	nh-danbury	census-gazetteer-2023-cousubs
3301319460	NH	Merrimack County	Dunbarton	town		3186	2024	43.112473	-71.607479	nh-dunbarton	census-gazetteer-2023-cousubs
3301324900	NH	Merrimack County	Epsom	town		5020	2024	43.204812	-71.348563	nh-epsom	census-gazetteer-2023-cousubs
3301327380	NH	Merrimack County	Franklin	city		8823	2024	43.453915	-71.669893	nh-franklin	census-gazetteer-2023-cousubs
3301335540	NH	Merrimack County	Henniker	town		6267	2024	43.169407	-71.831201	nh-henniker	census-gazetteer-2023-cousubs
3301335860	NH	Merrimack County	Hill	town		1050	2024	43.528306	-71.769192	nh-hill	census-gazetteer-2023-cousubs
3301337300	NH	Merrimack County	Hooksett	town		15377	2024	43.081242	-71.446616	nh-hooksett	census-gazetteer-2023-cousubs
3301337540	NH	Merrimack County	Hopkinton	town		6146	2024	43.202191	-71.696789	nh-hopkinton	census-gazetteer-2023-cousubs
3301343380	NH	Merrimack County	Loudon	town		5740	2024	43.308134	-71.44913	nh-loudon	census-gazetteer-2023-cousubs
3301350900	NH	Merrimack County	Newbury	town		2292	2024	43.314026	-72.024551	nh-newbury	census-gazetteer-2023-cousubs
3301352100	NH	Merrimack County	New London	town		4460	2024	43.417721	-71.990609	nh-new-london	census-gazetteer-2023-cousubs
3301354260	NH	Merrimack County	Northfield	town		5066	2024	43.401788	-71.555391	nh-northfield	census-gazetteer-2023-cousubs
3301360020	NH	Merrimack County	Pembroke	town		7567	2024	43.167722	-71.438517	nh-pembroke	census-gazetteer-2023-cousubs
3301361940	NH	Merrimack County	Pittsfield	town		4142	2024	43.288501	-71.309368	nh-pittsfield	census-gazetteer-2023-cousubs
3301366980	NH	Merrimack County	Salisbury	town		1504	2024	43.386099	-71.772917	nh-salisbury	census-gazetteer-2023-cousubs
3301375460	NH	Merrimack County	Sutton	town		2067	2024	43.335017	-71.918365	nh-sutton	census-gazetteer-2023-cousubs
3301378580	NH	Merrimack County	Warner	town		2970	2024	43.283544	-71.830606	nh-warner	census-gazetteer-2023-cousubs
3301380020	NH	Merrimack County	Webster	town		1979	2024	43.306572	-71.725682	nh-webster	census-gazetteer-2023-cousubs
3301384900	NH	Merrimack County	Wilmot	town		1471	2024	43.443284	-71.922446	nh-wilmot	census-gazetteer-2023-cousubs
3301502340	NH	Rockingham County	Atkinson	town		7355	2024	42.839113	-71.167192	nh-atkinson	census-gazetteer-2023-cousubs
3301502820	NH	Rockingham County	Auburn	town		6263	2024	42.997059	-71.365806	nh-auburn	census-gazetteer-2023-cousubs
3301507220	NH	Rockingham County	Brentwood	town		4787	2024	42.983723	-71.053998	nh-brentwood	census-gazetteer-2023-cousubs
3301509300	NH	Rockingham County	Candia	town		4218	2024	43.056895	-71.340635	nh-candia	census-gazetteer-2023-cousubs
3301512100	NH	Rockingham County	Chester	town		5322	2024	42.98453	-71.255104	nh-chester	census-gazetteer-2023-cousubs
3301517140	NH	Rockingham County	Danville	town		4625	2024	42.927892	-71.119888	nh-danville	census-gazetteer-2023-cousubs
3301517460	NH	Rockingham County	Deerfield	town		4983	2024	43.136321	-71.255077	nh-deerfield	census-gazetteer-2023-cousubs
3301517940	NH	Rockingham County	Derry	town		34062	2024	42.887613	-71.282047	nh-derry	census-gazetteer-2023-cousubs
3301521380	NH	Rockingham County	East Kingston	town		2436	2024	42.925865	-71.002633	nh-east-kingston	census-gazetteer-2023-cousubs
3301524660	NH	Rockingham County	Epping	town		7797	2024	43.051027	-71.088254	nh-epping	census-gazetteer-2023-cousubs
3301525380	NH	Rockingham County	Exeter	town		16205	2024	42.988453	-70.961542	nh-exeter	census-gazetteer-2023-cousubs
3301527940	NH	Rockingham County	Fremont	town		4899	2024	43.000369	-71.119162	nh-fremont	census-gazetteer-2023-cousubs
3301531700	NH	Rockingham County	Greenland	town		4126	2024	43.039732	-70.845622	nh-greenland	census-gazetteer-2023-cousubs
3301532900	NH	Rockingham County	Hampstead	town		9156	2024	42.881061	-71.171883	nh-hampstead	census-gazetteer-2023-cousubs
3301533060	NH	Rockingham County	Hampton	town		16448	2024	42.93913	-70.834273	nh-hampton	census-gazetteer-2023-cousubs
3301533460	NH	Rockingham County	Hampton Falls	town		2396	2024	42.924811	-70.886242	nh-hampton-falls	census-gazetteer-2023-cousubs
3301539780	NH	Rockingham County	Kensington	town		2095	2024	42.93287	-70.964273	nh-kensington	census-gazetteer-2023-cousubs
3301540100	NH	Rockingham County	Kingston	town		6293	2024	42.913731	-71.073595	nh-kingston	census-gazetteer-2023-cousubs
3301543220	NH	Rockingham County	Londonderry	town		27101	2024	42.879789	-71.392326	nh-londonderry	census-gazetteer-2023-cousubs
3301550980	NH	Rockingham County	New Castle	town		1001	2024	43.062147	-70.717071	nh-new-castle	census-gazetteer-2023-cousubs
3301551380	NH	Rockingham County	Newfields	town		1781	2024	43.038509	-70.967954	nh-newfields	census-gazetteer-2023-cousubs
3301551620	NH	Rockingham County	Newington	town		837	2024	43.085924	-70.827443	nh-newington	census-gazetteer-2023-cousubs
3301552340	NH	Rockingham County	Newmarket	town		9528	2024	43.070913	-70.946939	nh-newmarket	census-gazetteer-2023-cousubs
3301552900	NH	Rockingham County	Newton	town		4843	2024	42.870369	-71.045915	nh-newton	census-gazetteer-2023-cousubs
3301554580	NH	Rockingham County	North Hampton	town		4539	2024	42.979934	-70.829441	nh-north-hampton	census-gazetteer-2023-cousubs
3301556820	NH	Rockingham County	Northwood	town		4702	2024	43.211856	-71.223393	nh-northwood	census-gazetteer-2023-cousubs
3301557460	NH	Rockingham County	Nottingham	town		5469	2024	43.129847	-71.131859	nh-nottingham	census-gazetteer-2023-cousubs
3301562500	NH	Rockingham County	Plaistow	town		7871	2024	42.845597	-71.09326	nh-plaistow	census-gazetteer-2023-cousubs
3301562900	NH	Rockingham County	Portsmouth	city		22938	2024	43.060594	-70.780349	nh-portsmouth	census-gazetteer-2023-cousubs
3301564020	NH	Rockingham County	Raymond	town		11012	2024	43.032583	-71.203144	nh-raymond	census-gazetteer-2023-cousubs
3301566180	NH	Rockingham County	Rye	town		5663	2024	43.033467	-70.719223	nh-rye	census-gazetteer-2023-cousubs
3301566660	NH	Rockingham County	Salem	town		31673	2024	42.788267	-71.221725	nh-salem	census-gazetteer-2023-cousubs
3301567620	NH	Rockingham County	Sandown	town		6719	2024	42.934018	-71.183605	nh-sandown	census-gazetteer-2023-cousubs
3301568260	NH	Rockingham County	Seabrook	town		8432	2024	42.883123	-70.860823	nh-seabrook	census-gazetteer-2023-cousubs
3301571140	NH	Rockingham County	South Hampton	town		893	2024	42.889802	-70.959546	nh-south-hampton	census-gazetteer-2023-cousubs
3301574340	NH	Rockingham County	Stratham	town		7757	2024	43.014993	-70.902602	nh-stratham	census-gazetteer-2023-cousubs
3301585780	NH	Rockingham County	Windham	town		16208	2024	42.811092	-71.302688	nh-windham	census-gazetteer-2023-cousubs
3301703460	NH	Strafford County	Barrington	town		9629	2024	43.215566	-71.03898	nh-barrington	census-gazetteer-2023-cousubs
3301718820	NH	Strafford County	Dover	city		33909	2024	43.18636	-70.883623	nh-dover	census-gazetteer-2023-cousubs
3301719700	NH	Strafford County	Durham	town		15270	2024	43.117061	-70.918807	nh-durham	census-gazetteer-2023-cousubs
3301726020	NH	Strafford County	Farmington	town		6806	2024	43.366924	-71.062503	nh-farmington	census-gazetteer-2023-cousubs
3301741460	NH	Strafford County	Lee	town		4586	2024	43.119202	-71.007082	nh-lee	census-gazetteer-2023-cousubs
3301744820	NH	Strafford County	Madbury	town		1945	2024	43.174607	-70.941453	nh-madbury	census-gazetteer-2023-cousubs
3301747700	NH	Strafford County	Middleton	town		1857	2024	43.483007	-71.070641	nh-middleton	census-gazetteer-2023-cousubs
3301748660	NH	Strafford County	Milton	town		4572	2024	43.452229	-71.014652	nh-milton	census-gazetteer-2023-cousubs
3301751220	NH	Strafford County	New Durham	town		2814	2024	43.463687	-71.15214	nh-new-durham	census-gazetteer-2023-cousubs
3301765140	NH	Strafford County	Rochester	city		33598	2024	43.298493	-70.977005	nh-rochester	census-gazetteer-2023-cousubs
3301765540	NH	Strafford County	Rollinsford	town		2659	2024	43.219815	-70.843107	nh-rollinsford	census-gazetteer-2023-cousubs
3301769940	NH	Strafford County	Somersworth	city		12218	2024	43.253476	-70.887944	nh-somersworth	census-gazetteer-2023-cousubs
3301773860	NH	Strafford County	Strafford	town		4339	2024	43.275384	-71.169956	nh-strafford	census-gazetteer-2023-cousubs
3301900260	NH	Sullivan County	Acworth	town		892	2024	43.213923	-72.287033	nh-acworth	census-gazetteer-2023-cousubs
3301911380	NH	Sullivan County	Charlestown	town		4919	2024	43.246631	-72.383893	nh-charlestown	census-gazetteer-2023-cousubs
3301912900	NH	Sullivan County	Claremont	city		13105	2024	43.38647	-72.334496	nh-claremont	census-gazetteer-2023-cousubs
3301915060	NH	Sullivan County	Cornish	town		1648	2024	43.472988	-72.311749	nh-cornish	census-gazetteer-2023-cousubs
3301916340	NH	Sullivan County	Croydon	town		856	2024	43.444227	-72.178349	nh-croydon	census-gazetteer-2023-cousubs
3301930500	NH	Sullivan County	Goshen	town		810	2024	43.272092	-72.101033	nh-goshen	census-gazetteer-2023-cousubs
3301931220	NH	Sullivan County	Grantham	town		3483	2024	43.51659	-72.149093	nh-grantham	census-gazetteer-2023-cousubs
3301940900	NH	Sullivan County	Langdon	town		664	2024	43.186975	-72.359587	nh-langdon	census-gazetteer-2023-cousubs
3301941700	NH	Sullivan County	Lempster	town		1158	2024	43.236564	-72.184869	nh-lempster	census-gazetteer-2023-cousubs
3301952580	NH	Sullivan County	Newport	town		6418	2024	43.371345	-72.202789	nh-newport	census-gazetteer-2023-cousubs
3301962340	NH	Sullivan County	Plainfield	town		2550	2024	43.543837	-72.295537	nh-plainfield	census-gazetteer-2023-cousubs
3301972740	NH	Sullivan County	Springfield	town		1316	2024	43.491916	-72.038114	nh-springfield	census-gazetteer-2023-cousubs
3301975060	NH	Sullivan County	Sunapee	town		3459	2024	43.390095	-72.093136	nh-sunapee	census-gazetteer-2023-cousubs
3301977940	NH	Sullivan County	Unity	town		1521	2024	43.299305	-72.274568	nh-unity	census-gazetteer-2023-cousubs
3301978980	NH	Sullivan County	Washington	town		1213	2024	43.190051	-72.093871	nh-washington	census-gazetteer-2023-cousubs
3300980	NH		Alton	village_cdp				43.456398	-71.222338	nh-alton-cdp	census-gazetteer-2023-place
3301220	NH		Amherst	village_cdp				42.863576	-71.623821	nh-amherst-cdp	census-gazetteer-2023-place
3301620	NH		Antrim	village_cdp				43.044018	-71.951029	nh-antrim-cdp	census-gazetteer-2023-place
3301940	NH		Ashland	village_cdp				43.695909	-71.634771	nh-ashland-cdp	census-gazetteer-2023-place
3303620	NH		Bartlett	village_cdp				44.073772	-71.282576	nh-bartlett-cdp	census-gazetteer-2023-place
3304660	NH		Belmont	village_cdp				43.439966	-71.478854	nh-belmont-cdp	census-gazetteer-2023-place
3304820	NH		Bennington	village_cdp				43.003518	-71.920702	nh-bennington-cdp	census-gazetteer-2023-place
3305380	NH		Bethlehem	village_cdp				44.278736	-71.689024	nh-bethlehem-cdp	census-gazetteer-2023-place
3306020	NH		Blodgett Landing	village_cdp				43.375638	-72.039241	nh-blodgett-landing	census-gazetteer-2023-place
3306900	NH		Bradford	village_cdp				43.271713	-71.961816	nh-bradford-cdp	census-gazetteer-2023-place
3307620	NH		Bristol	village_cdp				43.603368	-71.734173	nh-bristol-cdp	census-gazetteer-2023-place
3308900	NH		Canaan	village_cdp				43.650306	-72.015956	nh-canaan-cdp	census-gazetteer-2023-place
3310820	NH		Center Ossipee	village_cdp				43.754212	-71.150814	nh-center-ossipee	census-gazetteer-2023-place
3310900	NH		Center Sandwich	village_cdp				43.811951	-71.441441	nh-center-sandwich	census-gazetteer-2023-place
3311300	NH		Charlestown	village_cdp				43.235548	-72.422511	nh-charlestown-cdp	census-gazetteer-2023-place
3313700	NH		Colebrook	village_cdp				44.894949	-71.494433	nh-colebrook-cdp	census-gazetteer-2023-place
3314340	NH		Contoocook	village_cdp				43.230669	-71.713132	nh-contoocook	census-gazetteer-2023-place
3314580	NH		Conway	village_cdp				43.986651	-71.120357	nh-conway-cdp	census-gazetteer-2023-place
3317860	NH		Derry	village_cdp				42.887613	-71.282047	nh-derry-cdp	census-gazetteer-2023-place
3319620	NH		Durham	village_cdp				43.142752	-70.925002	nh-durham-cdp	census-gazetteer-2023-place
3321780	NH		East Merrimack	village_cdp				42.871979	-71.481056	nh-east-merrimack	census-gazetteer-2023-place
3324260	NH		Enfield	village_cdp				43.6438	-72.146872	nh-enfield-cdp	census-gazetteer-2023-place
3324580	NH		Epping	village_cdp				43.034896	-71.098414	nh-epping-cdp	census-gazetteer-2023-place
3325300	NH		Exeter	village_cdp				42.976981	-70.945458	nh-exeter-cdp	census-gazetteer-2023-place
3325940	NH		Farmington	village_cdp				43.399424	-71.072384	nh-farmington-cdp	census-gazetteer-2023-place
3327060	NH		Francestown	village_cdp				42.989413	-71.814072	nh-francestown-cdp	census-gazetteer-2023-place
3329780	NH		Goffstown	village_cdp				43.022734	-71.598216	nh-goffstown-cdp	census-gazetteer-2023-place
3330180	NH		Gorham	village_cdp				44.393423	-71.19849	nh-gorham-cdp	census-gazetteer-2023-place
3331860	NH		Greenville	village_cdp				42.772936	-71.80091	nh-greenville-cdp	census-gazetteer-2023-place
3332260	NH		Groveton	village_cdp				44.611437	-71.517494	nh-groveton	census-gazetteer-2023-place
3332980	NH		Hampton	village_cdp				42.943902	-70.825354	nh-hampton-cdp	census-gazetteer-2023-place
3333140	NH		Hampton Beach	village_cdp				42.913965	-70.811752	nh-hampton-beach	census-gazetteer-2023-place
3333620	NH		Hancock	village_cdp				42.974555	-71.980055	nh-hancock-cdp	census-gazetteer-2023-place
3333780	NH		Hanover	village_cdp				43.71159	-72.273144	nh-hanover-cdp	census-gazetteer-2023-place
3335460	NH		Henniker	village_cdp				43.181516	-71.818818	nh-henniker-cdp	census-gazetteer-2023-place
3336020	NH		Hillsborough	village_cdp				43.115572	-71.896797	nh-hillsborough-cdp	census-gazetteer-2023-place
3336580	NH		Hinsdale	village_cdp				42.792146	-72.487888	nh-hinsdale-cdp	census-gazetteer-2023-place
3337220	NH		Hooksett	village_cdp				43.093547	-71.457096	nh-hooksett-cdp	census-gazetteer-2023-place
3337860	NH		Hudson	village_cdp				42.763811	-71.43201	nh-hudson-cdp	census-gazetteer-2023-place
3338420	NH		Jaffrey	village_cdp				42.811352	-72.023441	nh-jaffrey-cdp	census-gazetteer-2023-place
3340120	NH		Klondike Corner	village_cdp				42.959615	-71.63645	nh-klondike-corner	census-gazetteer-2023-place
3340340	NH		Lancaster	village_cdp				44.488623	-71.574224	nh-lancaster-cdp	census-gazetteer-2023-place
3341780	NH		Lincoln	village_cdp				44.060465	-71.671045	nh-lincoln-cdp	census-gazetteer-2023-place
3341940	NH		Lisbon	village_cdp				44.211753	-71.909631	nh-lisbon-cdp	census-gazetteer-2023-place
3342500	NH		Littleton	village_cdp				44.330805	-71.768668	nh-littleton-cdp	census-gazetteer-2023-place
3343140	NH		Londonderry	village_cdp				42.853398	-71.362425	nh-londonderry-cdp	census-gazetteer-2023-place
3343300	NH		Loudon	village_cdp				43.28183	-71.465082	nh-loudon-cdp	census-gazetteer-2023-place
3345380	NH		Marlborough	village_cdp				42.904972	-72.211671	nh-marlborough-cdp	census-gazetteer-2023-place
3346980	NH		Melvin Village	village_cdp				43.690923	-71.307863	nh-melvin-village	census-gazetteer-2023-place
3347060	NH		Meredith	village_cdp				43.6527	-71.4965	nh-meredith-cdp	census-gazetteer-2023-place
3347940	NH		Milford	village_cdp				42.831645	-71.678708	nh-milford-cdp	census-gazetteer-2023-place
3348580	NH		Milton	village_cdp				43.402976	-70.992366	nh-milton-cdp	census-gazetteer-2023-place
3348740	NH		Milton Mills	village_cdp				43.506548	-70.966763	nh-milton-mills	census-gazetteer-2023-place
3349600	NH		Mountain Lakes	village_cdp				44.124706	-71.957761	nh-mountain-lakes	census-gazetteer-2023-place
3350660	NH		New Boston	village_cdp				42.977803	-71.693897	nh-new-boston-cdp	census-gazetteer-2023-place
3351300	NH		Newfields	village_cdp				43.035477	-70.939042	nh-newfields-cdp	census-gazetteer-2023-place
3351460	NH		New Hampton	village_cdp				43.610629	-71.652754	nh-new-hampton-cdp	census-gazetteer-2023-place
3352020	NH		New London	village_cdp				43.415739	-71.986142	nh-new-london-cdp	census-gazetteer-2023-place
3352260	NH		Newmarket	village_cdp				43.075685	-70.940711	nh-newmarket-cdp	census-gazetteer-2023-place
3352500	NH		Newport	village_cdp				43.364896	-72.176631	nh-newport-cdp	census-gazetteer-2023-place
3353860	NH		North Conway	village_cdp				44.035719	-71.117232	nh-north-conway	census-gazetteer-2023-place
3354740	NH		North Haverhill	village_cdp				44.094493	-72.022331	nh-north-haverhill	census-gazetteer-2023-place
3356420	NH		North Walpole	village_cdp				43.146935	-72.446559	nh-north-walpole	census-gazetteer-2023-place
3357220	NH		North Woodstock	village_cdp				44.039578	-71.695437	nh-north-woodstock	census-gazetteer-2023-place
3360500	NH		Peterborough	village_cdp				42.877243	-71.961109	nh-peterborough-cdp	census-gazetteer-2023-place
3361220	NH		Pinardville	village_cdp				43.001266	-71.513482	nh-pinardville	census-gazetteer-2023-place
3361860	NH		Pittsfield	village_cdp				43.300115	-71.331458	nh-pittsfield-cdp	census-gazetteer-2023-place
3362260	NH		Plainfield	village_cdp				43.534503	-72.353638	nh-plainfield-cdp	census-gazetteer-2023-place
3362580	NH		Plymouth	village_cdp				43.738775	-71.702625	nh-plymouth-cdp	census-gazetteer-2023-place
3363940	NH		Raymond	village_cdp				43.035577	-71.175454	nh-raymond-cdp	census-gazetteer-2023-place
3367460	NH		Sanbornville	village_cdp				43.552498	-71.029776	nh-sanbornville	census-gazetteer-2023-place
3368340	NH		Seabrook Beach	village_cdp				42.880937	-70.824511	nh-seabrook-beach	census-gazetteer-2023-place
3371220	NH		South Hooksett	village_cdp				43.027768	-71.426844	nh-south-hooksett	census-gazetteer-2023-place
3374780	NH		Suissevale	village_cdp				43.722537	-71.363522	nh-suissevale	census-gazetteer-2023-place
3375140	NH		Suncook	village_cdp				43.135573	-71.450912	nh-suncook	census-gazetteer-2023-place
3377100	NH		Tilton Northfield	village_cdp				43.444526	-71.592635	nh-tilton-northfield	census-gazetteer-2023-place
3377300	NH		Troy	village_cdp				42.825843	-72.182874	nh-troy-cdp	census-gazetteer-2023-place
3377780	NH		Union	village_cdp				43.491165	-71.023068	nh-union	census-gazetteer-2023-place
3378340	NH		Walpole	village_cdp				43.078344	-72.424804	nh-walpole-cdp	census-gazetteer-2023-place
3378500	NH		Warner	village_cdp				43.284261	-71.824059	nh-warner-cdp	census-gazetteer-2023-place
3383620	NH		West Stewartstown	village_cdp				44.990616	-71.530184	nh-west-stewartstown	census-gazetteer-2023-place
3383700	NH		West Swanzey	village_cdp				42.870597	-72.322406	nh-west-swanzey	census-gazetteer-2023-place
3384340	NH		Whitefield	village_cdp				44.371308	-71.609953	nh-whitefield-cdp	census-gazetteer-2023-place
3385140	NH		Wilton	village_cdp				42.846973	-71.73598	nh-wilton-cdp	census-gazetteer-2023-place
3385460	NH		Winchester	village_cdp				42.779751	-72.384704	nh-winchester-cdp	census-gazetteer-2023-place
3386340	NH		Wolfeboro	village_cdp				43.593631	-71.211633	nh-wolfeboro-cdp	census-gazetteer-2023-place
3387140	NH		Woodsville	village_cdp				44.141584	-72.02683	nh-woodsville	census-gazetteer-2023-place
4400105140	RI	Bristol County	Barrington	town		17027	2024	41.733037	-71.319676	ri-barrington	census-gazetteer-2023-cousubs
4400109280	RI	Bristol County	Bristol	town		22023	2024	41.67573	-71.273331	ri-bristol	census-gazetteer-2023-cousubs
4400173760	RI	Bristol County	Warren	town		11095	2024	41.725138	-71.258805	ri-warren	census-gazetteer-2023-cousubs
4400318640	RI	Kent County	Coventry	town		36081	2024	41.698325	-71.662734	ri-coventry	census-gazetteer-2023-cousubs
4400322240	RI	Kent County	East Greenwich	town		14769	2024	41.637327	-71.501456	ri-east-greenwich	census-gazetteer-2023-cousubs
4400374300	RI	Kent County	Warwick	city		83554	2024	41.703085	-71.42031	ri-warwick	census-gazetteer-2023-cousubs
4400377720	RI	Kent County	West Greenwich	town		6720	2024	41.628605	-71.658874	ri-west-greenwich	census-gazetteer-2023-cousubs
4400378440	RI	Kent County	West Warwick	town		31326	2024	41.679601	-71.521114	ri-west-warwick	census-gazetteer-2023-cousubs
4400536820	RI	Newport County	Jamestown	town		5494	2024	41.51973	-71.371076	ri-jamestown	census-gazetteer-2023-cousubs
4400542400	RI	Newport County	Little Compton	town		3553	2024	41.502861	-71.165808	ri-little-compton	census-gazetteer-2023-cousubs
4400545460	RI	Newport County	Middletown	town		16610	2024	41.520152	-71.280198	ri-middletown	census-gazetteer-2023-cousubs
4400549960	RI	Newport County	Newport	city		24482	2024	41.476681	-71.319627	ri-newport	census-gazetteer-2023-cousubs
4400557880	RI	Newport County	Portsmouth	town		17391	2024	41.59214	-71.283576	ri-portsmouth	census-gazetteer-2023-cousubs
4400570880	RI	Newport County	Tiverton	town		15938	2024	41.606983	-71.182634	ri-tiverton	census-gazetteer-2023-cousubs
4400711800	RI	Providence County	Burrillville	town		16794	2024	41.970291	-71.69866	ri-burrillville	census-gazetteer-2023-cousubs
4400714140	RI	Providence County	Central Falls	city		23034	2024	41.890064	-71.393481	ri-central-falls	census-gazetteer-2023-cousubs
4400719180	RI	Providence County	Cranston	city		84448	2024	41.769734	-71.485049	ri-cranston	census-gazetteer-2023-cousubs
4400720080	RI	Providence County	Cumberland	town		37509	2024	41.96746	-71.420572	ri-cumberland	census-gazetteer-2023-cousubs
4400722960	RI	Providence County	East Providence	city		47961	2024	41.800433	-71.359258	ri-east-providence	census-gazetteer-2023-cousubs
4400727460	RI	Providence County	Foster	town		4608	2024	41.788784	-71.734934	ri-foster	census-gazetteer-2023-cousubs
4400730340	RI	Providence County	Glocester	town		10512	2024	41.894324	-71.686905	ri-glocester	census-gazetteer-2023-cousubs
4400737720	RI	Providence County	Johnston	town		30363	2024	41.82744	-71.519879	ri-johnston	census-gazetteer-2023-cousubs
4400741500	RI	Providence County	Lincoln	town		23507	2024	41.915455	-71.449815	ri-lincoln	census-gazetteer-2023-cousubs
4400751760	RI	Providence County	North Providence	town		34791	2024	41.861587	-71.456879	ri-north-providence	census-gazetteer-2023-cousubs
4400752480	RI	Providence County	North Smithfield	town		12899	2024	41.975186	-71.544069	ri-north-smithfield	census-gazetteer-2023-cousubs
4400754640	RI	Providence County	Pawtucket	city		76996	2024	41.874824	-71.373323	ri-pawtucket	census-gazetteer-2023-cousubs
4400759000	RI	Providence County	Providence	city		194706	2024	41.823056	-71.418784	ri-providence	census-gazetteer-2023-cousubs
4400764220	RI	Providence County	Scituate	town		10741	2024	41.811538	-71.63278	ri-scituate	census-gazetteer-2023-cousubs
4400766200	RI	Providence County	Smithfield	town		22535	2024	41.900945	-71.52889	ri-smithfield	census-gazetteer-2023-cousubs
4400780780	RI	Providence County	Woonsocket	city		44508	2024	42.001708	-71.499947	ri-woonsocket	census-gazetteer-2023-cousubs
4400914500	RI	Washington County	Charlestown	town		8052	2024	41.371368	-71.680337	ri-charlestown	census-gazetteer-2023-cousubs
4400925300	RI	Washington County	Exeter	town		6568	2024	41.569431	-71.627921	ri-exeter	census-gazetteer-2023-cousubs
4400935380	RI	Washington County	Hopkinton	town		8431	2024	41.479072	-71.757934	ri-hopkinton	census-gazetteer-2023-cousubs
4400948340	RI	Washington County	Narragansett	town		14407	2024	41.398044	-71.486262	ri-narragansett	census-gazetteer-2023-cousubs
4400950500	RI	Washington County	New Shoreham	town		1413	2024	41.194642	-71.572377	ri-new-shoreham	census-gazetteer-2023-cousubs
4400951580	RI	Washington County	North Kingstown	town		27938	2024	41.571527	-71.449907	ri-north-kingstown	census-gazetteer-2023-cousubs
4400961160	RI	Washington County	Richmond	town		8142	2024	41.494707	-71.669309	ri-richmond	census-gazetteer-2023-cousubs
4400967460	RI	Washington County	South Kingstown	town		32094	2024	41.410847	-71.547469	ri-south-kingstown	census-gazetteer-2023-cousubs
4400977000	RI	Washington County	Westerly	town		23288	2024	41.323428	-71.802458	ri-westerly	census-gazetteer-2023-cousubs
4403520	RI		Ashaway	village_cdp				41.428019	-71.786214	ri-ashaway	census-gazetteer-2023-place
4408020	RI		Bradford	village_cdp				41.388997	-71.764416	ri-bradford	census-gazetteer-2023-place
4412340	RI		Carolina	village_cdp				41.459421	-71.654223	ri-carolina	census-gazetteer-2023-place
4414320	RI		Charlestown	village_cdp				41.378069	-71.626563	ri-charlestown-cdp	census-gazetteer-2023-place
4414860	RI		Chepachet	village_cdp				41.910845	-71.662087	ri-chepachet	census-gazetteer-2023-place
4415940	RI		Clayville	village_cdp				41.769165	-71.692106	ri-clayville	census-gazetteer-2023-place
4420260	RI		Cumberland Hill	village_cdp				41.97496	-71.46003	ri-cumberland-hill	census-gazetteer-2023-place
4427640	RI		Foster Center	village_cdp				41.789961	-71.731589	ri-foster-center	census-gazetteer-2023-place
4431240	RI		Greene	village_cdp				41.704727	-71.728067	ri-greene	census-gazetteer-2023-place
4431600	RI		Greenville	village_cdp				41.879933	-71.552415	ri-greenville	census-gazetteer-2023-place
4433040	RI		Harmony	village_cdp				41.899366	-71.609131	ri-harmony	census-gazetteer-2023-place
4433400	RI		Harrisville	village_cdp				41.967496	-71.677124	ri-harrisville	census-gazetteer-2023-place
4434660	RI		Hope Valley	village_cdp				41.514055	-71.72056	ri-hope-valley	census-gazetteer-2023-place
4435200	RI		Hopkinton	village_cdp				41.466945	-71.781088	ri-hopkinton-cdp	census-gazetteer-2023-place
4438980	RI		Kingston	village_cdp				41.473179	-71.524124	ri-kingston	census-gazetteer-2023-place
4445010	RI		Melville	village_cdp				41.559549	-71.301933	ri-melville	census-gazetteer-2023-place
4446000	RI		Misquamicut	village_cdp				41.320087	-71.827067	ri-misquamicut	census-gazetteer-2023-place
4448700	RI		Narragansett Pier	village_cdp				41.426994	-71.466525	ri-narragansett-pier	census-gazetteer-2023-place
4450140	RI		Newport East	village_cdp				41.515892	-71.286553	ri-newport-east	census-gazetteer-2023-place
4454460	RI		Pascoag	village_cdp				41.953752	-71.704381	ri-pascoag	census-gazetteer-2023-place
4460260	RI		Quonochontaug	village_cdp				41.345082	-71.704659	ri-quonochontaug	census-gazetteer-2023-place
4470700	RI		Tiverton	village_cdp				41.654015	-71.200391	ri-tiverton-cdp	census-gazetteer-2023-place
4472500	RI		Valley Falls	village_cdp				41.9235	-71.390498	ri-valley-falls	census-gazetteer-2023-place
4473132	RI		Wakefield-Peace Dale	village_cdp				41.446096	-71.500318	ri-wakefield-peace-dale	census-gazetteer-2023-place
4475200	RI		Watch Hill	village_cdp				41.315381	-71.846809	ri-watch-hill	census-gazetteer-2023-place
4475920	RI		Weekapaug	village_cdp				41.337424	-71.761921	ri-weekapaug	census-gazetteer-2023-place
4476820	RI		Westerly	village_cdp				41.373301	-71.806783	ri-westerly-cdp	census-gazetteer-2023-place
4480960	RI		Wyoming	village_cdp				41.513472	-71.689088	ri-wyoming	census-gazetteer-2023-place
5000100325	VT	Addison County	Addison	town		1351	2024	44.058539	-73.332315	vt-addison	census-gazetteer-2023-cousubs
5000108575	VT	Addison County	Bridport	town		1247	2024	43.981724	-73.331937	vt-bridport	census-gazetteer-2023-cousubs
5000109025	VT	Addison County	Bristol	town		3779	2024	44.09824	-73.049182	vt-bristol	census-gazetteer-2023-cousubs
5000116000	VT	Addison County	Cornwall	town		1294	2024	43.962918	-73.217701	vt-cornwall	census-gazetteer-2023-cousubs
5000126300	VT	Addison County	Ferrisburgh	town		2690	2024	44.203133	-73.279196	vt-ferrisburgh	census-gazetteer-2023-cousubs
5000128600	VT	Addison County	Goshen	town		185	2024	43.864747	-72.990112	vt-goshen	census-gazetteer-2023-cousubs
5000129575	VT	Addison County	Granville	town		304	2024	44.005291	-72.841314	vt-granville	census-gazetteer-2023-cousubs
5000131525	VT	Addison County	Hancock	town		358	2024	43.905404	-72.918236	vt-hancock	census-gazetteer-2023-cousubs
5000139325	VT	Addison County	Leicester	town		1018	2024	43.874528	-73.099749	vt-leicester	census-gazetteer-2023-cousubs
5000140075	VT	Addison County	Lincoln	town		1379	2024	44.092925	-72.973521	vt-lincoln	census-gazetteer-2023-cousubs
5000144350	VT	Addison County	Middlebury	town		9214	2024	44.0019	-73.119047	vt-middlebury	census-gazetteer-2023-cousubs
5000145550	VT	Addison County	Monkton	town		2196	2024	44.22704	-73.131721	vt-monkton	census-gazetteer-2023-cousubs
5000148700	VT	Addison County	New Haven	town		1744	2024	44.104981	-73.165757	vt-new-haven	census-gazetteer-2023-cousubs
5000153725	VT	Addison County	Orwell	town		1255	2024	43.809099	-73.277992	vt-orwell	census-gazetteer-2023-cousubs
5000153950	VT	Addison County	Panton	town		666	2024	44.130418	-73.340191	vt-panton	census-gazetteer-2023-cousubs
5000159650	VT	Addison County	Ripton	town		744	2024	43.984937	-72.996775	vt-ripton	census-gazetteer-2023-cousubs
5000162575	VT	Addison County	Salisbury	town		1246	2024	43.925495	-73.111528	vt-salisbury	census-gazetteer-2023-cousubs
5000165050	VT	Addison County	Shoreham	town		1287	2024	43.899243	-73.315314	vt-shoreham	census-gazetteer-2023-cousubs
5000170075	VT	Addison County	Starksboro	town		1812	2024	44.210332	-72.993373	vt-starksboro	census-gazetteer-2023-cousubs
5000174650	VT	Addison County	Vergennes	city		2582	2024	44.16766	-73.255316	vt-vergennes	census-gazetteer-2023-cousubs
5000176075	VT	Addison County	Waltham	town		451	2024	44.123897	-73.229365	vt-waltham	census-gazetteer-2023-cousubs
5000183275	VT	Addison County	Weybridge	town		837	2024	44.040329	-73.222785	vt-weybridge	census-gazetteer-2023-cousubs
5000183800	VT	Addison County	Whiting	town		408	2024	43.876397	-73.212573	vt-whiting	census-gazetteer-2023-cousubs
5000301450	VT	Bennington County	Arlington	town		2434	2024	43.062345	-73.222339	vt-arlington	census-gazetteer-2023-cousubs
5000304825	VT	Bennington County	Bennington	town		15121	2024	42.886154	-73.212685	vt-bennington	census-gazetteer-2023-cousubs
5000317725	VT	Bennington County	Dorset	town		2140	2024	43.284154	-73.032045	vt-dorset	census-gazetteer-2023-cousubs
5000327962	VT	Bennington County	Glastenbury	unorganized_territory		7	2024	42.973719	-73.075343	vt-glastenbury	census-gazetteer-2023-cousubs
5000339025	VT	Bennington County	Landgrove	town		172	2024	43.264602	-72.850717	vt-landgrove	census-gazetteer-2023-cousubs
5000342850	VT	Bennington County	Manchester	town		4462	2024	43.165223	-73.063053	vt-manchester	census-gazetteer-2023-cousubs
5000355000	VT	Bennington County	Peru	town		526	2024	43.278078	-72.934538	vt-peru	census-gazetteer-2023-cousubs
5000357025	VT	Bennington County	Pownal	town		3258	2024	42.789287	-73.214458	vt-pownal	census-gazetteer-2023-cousubs
5000358600	VT	Bennington County	Readsboro	town		696	2024	42.790943	-72.97264	vt-readsboro	census-gazetteer-2023-cousubs
5000361000	VT	Bennington County	Rupert	town		691	2024	43.252854	-73.197348	vt-rupert	census-gazetteer-2023-cousubs
5000362875	VT	Bennington County	Sandgate	town		382	2024	43.184702	-73.180308	vt-sandgate	census-gazetteer-2023-cousubs
5000363175	VT	Bennington County	Searsburg	town		125	2024	42.890297	-72.963491	vt-searsburg	census-gazetteer-2023-cousubs
5000363550	VT	Bennington County	Shaftsbury	town		3593	2024	42.978771	-73.213476	vt-shaftsbury	census-gazetteer-2023-cousubs
5000369775	VT	Bennington County	Stamford	town		859	2024	42.80825	-73.076331	vt-stamford	census-gazetteer-2023-cousubs
5000371425	VT	Bennington County	Sunderland	town		1060	2024	43.081946	-73.066773	vt-sunderland	census-gazetteer-2023-cousubs
5000385075	VT	Bennington County	Winhall	town		1164	2024	43.16888	-72.972731	vt-winhall	census-gazetteer-2023-cousubs
5000385675	VT	Bennington County	Woodford	town		349	2024	42.908285	-73.078303	vt-woodford	census-gazetteer-2023-cousubs
5000502875	VT	Caledonia County	Barnet	town		1654	2024	44.31263	-72.066779	vt-barnet	census-gazetteer-2023-cousubs
5000510450	VT	Caledonia County	Burke	town		1643	2024	44.610863	-71.930944	vt-burke	census-gazetteer-2023-cousubs
5000517125	VT	Caledonia County	Danville	town		2356	2024	44.437504	-72.124822	vt-danville	census-gazetteer-2023-cousubs
5000530550	VT	Caledonia County	Groton	town		986	2024	44.232453	-72.257516	vt-groton	census-gazetteer-2023-cousubs
5000531825	VT	Caledonia County	Hardwick	town		2968	2024	44.519932	-72.348176	vt-hardwick	census-gazetteer-2023-cousubs
5000537900	VT	Caledonia County	Kirby	town		587	2024	44.509172	-71.920619	vt-kirby	census-gazetteer-2023-cousubs
5000541725	VT	Caledonia County	Lyndon	town		5651	2024	44.551459	-72.01287	vt-lyndon	census-gazetteer-2023-cousubs
5000547725	VT	Caledonia County	Newark	town		580	2024	44.73539	-71.939523	vt-newark	census-gazetteer-2023-cousubs
5000554400	VT	Caledonia County	Peacham	town		716	2024	44.328927	-72.199834	vt-peacham	census-gazetteer-2023-cousubs
5000561525	VT	Caledonia County	Ryegate	town		1149	2024	44.222249	-72.110909	vt-ryegate	census-gazetteer-2023-cousubs
5000562200	VT	Caledonia County	St. Johnsbury	town		7385	2024	44.460302	-72.004924	vt-st-johnsbury	census-gazetteer-2023-cousubs
5000564075	VT	Caledonia County	Sheffield	town		684	2024	44.640739	-72.110885	vt-sheffield	census-gazetteer-2023-cousubs
5000569925	VT	Caledonia County	Stannard	town		215	2024	44.525454	-72.181305	vt-stannard	census-gazetteer-2023-cousubs
5000571575	VT	Caledonia County	Sutton	town		934	2024	44.665071	-72.035973	vt-sutton	census-gazetteer-2023-cousubs
5000575700	VT	Caledonia County	Walden	town		959	2024	44.487826	-72.224999	vt-walden	census-gazetteer-2023-cousubs
5000577125	VT	Caledonia County	Waterford	town		1305	2024	44.362857	-71.934268	vt-waterford	census-gazetteer-2023-cousubs
5000583500	VT	Caledonia County	Wheelock	town		763	2024	44.561181	-72.159837	vt-wheelock	census-gazetteer-2023-cousubs
5000706550	VT	Chittenden County	Bolton	town		1292	2024	44.39986	-72.877397	vt-bolton	census-gazetteer-2023-cousubs
5000710300	VT	Chittenden County	Buels	unorganized_territory		30	2024	44.198415	-72.947764	vt-buels	census-gazetteer-2023-cousubs
5000710675	VT	Chittenden County	Burlington	city		44432	2024	44.491927	-73.238882	vt-burlington	census-gazetteer-2023-cousubs
5000713300	VT	Chittenden County	Charlotte	town		3897	2024	44.305737	-73.235553	vt-charlotte	census-gazetteer-2023-cousubs
5000714875	VT	Chittenden County	Colchester	town		17807	2024	44.55415	-73.225487	vt-colchester	census-gazetteer-2023-cousubs
5000724175	VT	Chittenden County	Essex	town		11497	2024	44.538623	-73.050227	vt-essex	census-gazetteer-2023-cousubs
5000724400	VT	Chittenden County	Essex Junction	city		10787	2024	44.490288	-73.114121	vt-essex-junction	census-gazetteer-2023-cousubs
5000733475	VT	Chittenden County	Hinesburg	town		4742	2024	44.331993	-73.085946	vt-hinesburg	census-gazetteer-2023-cousubs
5000734600	VT	Chittenden County	Huntington	town		1936	2024	44.312539	-72.952108	vt-huntington	census-gazetteer-2023-cousubs
5000736700	VT	Chittenden County	Jericho	town		5108	2024	44.464454	-72.963156	vt-jericho	census-gazetteer-2023-cousubs
5000745250	VT	Chittenden County	Milton	town		10802	2024	44.645908	-73.159221	vt-milton	census-gazetteer-2023-cousubs
5000759275	VT	Chittenden County	Richmond	town		4157	2024	44.381972	-72.979626	vt-richmond	census-gazetteer-2023-cousubs
5000762050	VT	Chittenden County	St. George	town		832	2024	44.376343	-73.120985	vt-st-george	census-gazetteer-2023-cousubs
5000764300	VT	Chittenden County	Shelburne	town		8126	2024	44.389288	-73.243502	vt-shelburne	census-gazetteer-2023-cousubs
5000766175	VT	Chittenden County	South Burlington	city		21713	2024	44.436469	-73.182623	vt-south-burlington	census-gazetteer-2023-cousubs
5000773975	VT	Chittenden County	Underhill	town		3123	2024	44.542367	-72.883226	vt-underhill	census-gazetteer-2023-cousubs
5000780350	VT	Chittenden County	Westford	town		2109	2024	44.607422	-73.003642	vt-westford	census-gazetteer-2023-cousubs
5000784475	VT	Chittenden County	Williston	town		10091	2024	44.429166	-73.09631	vt-williston	census-gazetteer-2023-cousubs
5000785150	VT	Chittenden County	Winooski	city		8370	2024	44.495587	-73.184857	vt-winooski	census-gazetteer-2023-cousubs
5000902125	VT	Essex County	Averill	unorganized_territory		16	2024	44.940719	-71.654624	vt-averill	census-gazetteer-2023-cousubs
5000902162	VT	Essex County	Avery's	unorganized_territory		0	2024	44.91105	-71.818351	vt-averys	census-gazetteer-2023-cousubs
5000906325	VT	Essex County	Bloomfield	town		220	2024	44.818093	-71.628737	vt-bloomfield	census-gazetteer-2023-cousubs
5000908725	VT	Essex County	Brighton	town		1255	2024	44.796633	-71.869976	vt-brighton	census-gazetteer-2023-cousubs
5000910075	VT	Essex County	Brunswick	town		86	2024	44.719618	-71.669823	vt-brunswick	census-gazetteer-2023-cousubs
5000911800	VT	Essex County	Canaan	town		896	2024	44.991356	-71.598024	vt-canaan	census-gazetteer-2023-cousubs
5000915250	VT	Essex County	Concord	town		1149	2024	44.439085	-71.826104	vt-concord	census-gazetteer-2023-cousubs
5000921250	VT	Essex County	East Haven	town		273	2024	44.663758	-71.80518	vt-east-haven	census-gazetteer-2023-cousubs
5000925975	VT	Essex County	Ferdinand	unorganized_territory		19	2024	44.727755	-71.787279	vt-ferdinand	census-gazetteer-2023-cousubs
5000929125	VT	Essex County	Granby	town		79	2024	44.598729	-71.747173	vt-granby	census-gazetteer-2023-cousubs
5000930775	VT	Essex County	Guildhall	town		256	2024	44.540713	-71.610073	vt-guildhall	census-gazetteer-2023-cousubs
5000939700	VT	Essex County	Lemington	town		87	2024	44.882006	-71.58029	vt-lemington	census-gazetteer-2023-cousubs
5000939775	VT	Essex County	Lewis	unorganized_territory		0	2024	44.870301	-71.737028	vt-lewis	census-gazetteer-2023-cousubs
5000941425	VT	Essex County	Lunenburg	town		1262	2024	44.470995	-71.705947	vt-lunenburg	census-gazetteer-2023-cousubs
5000942475	VT	Essex County	Maidstone	town		208	2024	44.647616	-71.631944	vt-maidstone	census-gazetteer-2023-cousubs
5000952750	VT	Essex County	Norton	town		157	2024	44.977295	-71.804338	vt-norton	census-gazetteer-2023-cousubs
5000975175	VT	Essex County	Victory	town		71	2024	44.558787	-71.816917	vt-victory	census-gazetteer-2023-cousubs
5000976337	VT	Essex County	Warner's	unorganized_territory		1	2024	44.920946	-71.906297	vt-warners	census-gazetteer-2023-cousubs
5000976562	VT	Essex County	Warren's	unorganized_territory		2	2024	44.920522	-71.860235	vt-warrens	census-gazetteer-2023-cousubs
5001102500	VT	Franklin County	Bakersfield	town		1297	2024	44.789581	-72.784737	vt-bakersfield	census-gazetteer-2023-cousubs
5001105425	VT	Franklin County	Berkshire	town		1598	2024	44.971934	-72.742841	vt-berkshire	census-gazetteer-2023-cousubs
5001124050	VT	Franklin County	Enosburgh	town		2794	2024	44.877815	-72.750762	vt-enosburgh	census-gazetteer-2023-cousubs
5001124925	VT	Franklin County	Fairfax	town		5372	2024	44.702359	-72.997753	vt-fairfax	census-gazetteer-2023-cousubs
5001125225	VT	Franklin County	Fairfield	town		2034	2024	44.808313	-72.928048	vt-fairfield	census-gazetteer-2023-cousubs
5001126500	VT	Franklin County	Fletcher	town		1387	2024	44.712616	-72.900456	vt-fletcher	census-gazetteer-2023-cousubs
5001127100	VT	Franklin County	Franklin	town		1405	2024	44.976769	-72.90172	vt-franklin	census-gazetteer-2023-cousubs
5001127700	VT	Franklin County	Georgia	town		4901	2024	44.722439	-73.128452	vt-georgia	census-gazetteer-2023-cousubs
5001133025	VT	Franklin County	Highgate	town		3562	2024	44.963198	-73.059857	vt-highgate	census-gazetteer-2023-cousubs
5001145850	VT	Franklin County	Montgomery	town		1220	2024	44.860092	-72.605245	vt-montgomery	census-gazetteer-2023-cousubs
5001159125	VT	Franklin County	Richford	town		2318	2024	44.948651	-72.599157	vt-richford	census-gazetteer-2023-cousubs
5001161675	VT	Franklin County	St. Albans	city		7031	2024	44.811538	-73.084462	vt-st-albans	census-gazetteer-2023-cousubs
5001161750	VT	Franklin County	St. Albans	town		7109	2024	44.811361	-73.145896	vt-st-albans-2	census-gazetteer-2023-cousubs
5001164600	VT	Franklin County	Sheldon	town		2184	2024	44.898577	-72.921425	vt-sheldon	census-gazetteer-2023-cousubs
5001171725	VT	Franklin County	Swanton	town		6854	2024	44.909619	-73.123862	vt-swanton	census-gazetteer-2023-cousubs
5001300860	VT	Grand Isle County	Alburgh	town		2168	2024	44.957882	-73.291974	vt-alburgh	census-gazetteer-2023-cousubs
5001329275	VT	Grand Isle County	Grand Isle	town		2162	2024	44.716287	-73.299627	vt-grand-isle	census-gazetteer-2023-cousubs
5001335875	VT	Grand Isle County	Isle La Motte	town		498	2024	44.871325	-73.3492	vt-isle-la-motte	census-gazetteer-2023-cousubs
5001350650	VT	Grand Isle County	North Hero	town		973	2024	44.835081	-73.225658	vt-north-hero	census-gazetteer-2023-cousubs
5001367000	VT	Grand Isle County	South Hero	town		1727	2024	44.627092	-73.309226	vt-south-hero	census-gazetteer-2023-cousubs
5001504375	VT	Lamoille County	Belvidere	town		343	2024	44.772519	-72.690391	vt-belvidere	census-gazetteer-2023-cousubs
5001511500	VT	Lamoille County	Cambridge	town		3685	2024	44.626547	-72.815371	vt-cambridge	census-gazetteer-2023-cousubs
5001523500	VT	Lamoille County	Eden	town		1287	2024	44.714431	-72.539415	vt-eden	census-gazetteer-2023-cousubs
5001523725	VT	Lamoille County	Elmore	town		876	2024	44.488071	-72.514287	vt-elmore	census-gazetteer-2023-cousubs
5001535050	VT	Lamoille County	Hyde Park	town		2958	2024	44.624262	-72.570417	vt-hyde-park	census-gazetteer-2023-cousubs
5001537075	VT	Lamoille County	Johnson	town		3378	2024	44.648124	-72.68884	vt-johnson	census-gazetteer-2023-cousubs
5001546675	VT	Lamoille County	Morristown	town		6094	2024	44.546964	-72.6422	vt-morristown	census-gazetteer-2023-cousubs
5001570525	VT	Lamoille County	Stowe	town		5292	2024	44.491806	-72.712611	vt-stowe	census-gazetteer-2023-cousubs
5001577425	VT	Lamoille County	Waterville	town		667	2024	44.737917	-72.762322	vt-waterville	census-gazetteer-2023-cousubs
5001585375	VT	Lamoille County	Wolcott	town		1668	2024	44.573033	-72.44665	vt-wolcott	census-gazetteer-2023-cousubs
5001707375	VT	Orange County	Bradford	town		2844	2024	44.012176	-72.158296	vt-bradford	census-gazetteer-2023-cousubs
5001707600	VT	Orange County	Braintree	town		1223	2024	43.967072	-72.708604	vt-braintree	census-gazetteer-2023-cousubs
5001709325	VT	Orange County	Brookfield	town		1279	2024	44.023908	-72.587891	vt-brookfield	census-gazetteer-2023-cousubs
5001713525	VT	Orange County	Chelsea	town		1264	2024	43.991158	-72.457292	vt-chelsea	census-gazetteer-2023-cousubs
5001715700	VT	Orange County	Corinth	town		1501	2024	44.043224	-72.282378	vt-corinth	census-gazetteer-2023-cousubs
5001725675	VT	Orange County	Fairlee	town		1033	2024	43.91798	-72.180212	vt-fairlee	census-gazetteer-2023-cousubs
5001748175	VT	Orange County	Newbury	town		2379	2024	44.119321	-72.117434	vt-newbury	census-gazetteer-2023-cousubs
5001753425	VT	Orange County	Orange	town		1080	2024	44.166527	-72.346614	vt-orange	census-gazetteer-2023-cousubs
5001758075	VT	Orange County	Randolph	town		4917	2024	43.921685	-72.610915	vt-randolph	census-gazetteer-2023-cousubs
5001770675	VT	Orange County	Strafford	town		1103	2024	43.874962	-72.364935	vt-strafford	census-gazetteer-2023-cousubs
5001772400	VT	Orange County	Thetford	town		2848	2024	43.836709	-72.249496	vt-thetford	census-gazetteer-2023-cousubs
5001773075	VT	Orange County	Topsham	town		1225	2024	44.155657	-72.245911	vt-topsham	census-gazetteer-2023-cousubs
5001773675	VT	Orange County	Tunbridge	town		1374	2024	43.900602	-72.485353	vt-tunbridge	census-gazetteer-2023-cousubs
5001774950	VT	Orange County	Vershire	town		689	2024	43.956765	-72.326539	vt-vershire	census-gazetteer-2023-cousubs
5001776750	VT	Orange County	Washington	town		1059	2024	44.076165	-72.422633	vt-washington	census-gazetteer-2023-cousubs
5001779975	VT	Orange County	West Fairlee	town		628	2024	43.924282	-72.220938	vt-west-fairlee	census-gazetteer-2023-cousubs
5001784175	VT	Orange County	Williamstown	town		3604	2024	44.110905	-72.541526	vt-williamstown	census-gazetteer-2023-cousubs
5001900475	VT	Orleans County	Albany	town		951	2024	44.736004	-72.335967	vt-albany	census-gazetteer-2023-cousubs
5001903550	VT	Orleans County	Barton	town		2773	2024	44.770228	-72.149733	vt-barton	census-gazetteer-2023-cousubs
5001909850	VT	Orleans County	Brownington	town		1026	2024	44.829179	-72.127603	vt-brownington	census-gazetteer-2023-cousubs
5001913150	VT	Orleans County	Charleston	town		995	2024	44.870982	-72.025024	vt-charleston	census-gazetteer-2023-cousubs
5001916150	VT	Orleans County	Coventry	town		1074	2024	44.888126	-72.234192	vt-coventry	census-gazetteer-2023-cousubs
5001916300	VT	Orleans County	Craftsbury	town		1309	2024	44.648082	-72.38941	vt-craftsbury	census-gazetteer-2023-cousubs
5001917350	VT	Orleans County	Derby	town		4507	2024	44.951696	-72.136303	vt-derby	census-gazetteer-2023-cousubs
5001928075	VT	Orleans County	Glover	town		1096	2024	44.678709	-72.233382	vt-glover	census-gazetteer-2023-cousubs
5001930175	VT	Orleans County	Greensboro	town		783	2024	44.602008	-72.284763	vt-greensboro	census-gazetteer-2023-cousubs
5001933775	VT	Orleans County	Holland	town		627	2024	44.9721	-71.986969	vt-holland	census-gazetteer-2023-cousubs
5001935575	VT	Orleans County	Irasburg	town		1214	2024	44.819421	-72.283121	vt-irasburg	census-gazetteer-2023-cousubs
5001936325	VT	Orleans County	Jay	town		539	2024	44.956936	-72.507457	vt-jay	census-gazetteer-2023-cousubs
5001940525	VT	Orleans County	Lowell	town		880	2024	44.793437	-72.458451	vt-lowell	census-gazetteer-2023-cousubs
5001946450	VT	Orleans County	Morgan	town		618	2024	44.896128	-71.941243	vt-morgan	census-gazetteer-2023-cousubs
5001948850	VT	Orleans County	Newport	city		4333	2024	44.936689	-72.209558	vt-newport	census-gazetteer-2023-cousubs
5001948925	VT	Orleans County	Newport	town		2421	2024	44.932119	-72.300131	vt-newport-2	census-gazetteer-2023-cousubs
5001973525	VT	Orleans County	Troy	town		1718	2024	44.931664	-72.384915	vt-troy	census-gazetteer-2023-cousubs
5001980200	VT	Orleans County	Westfield	town		520	2024	44.883477	-72.484927	vt-westfield	census-gazetteer-2023-cousubs
5001981700	VT	Orleans County	Westmore	town		342	2024	44.766032	-71.997112	vt-westmore	census-gazetteer-2023-cousubs
5002105200	VT	Rutland County	Benson	town		965	2024	43.710063	-73.302976	vt-benson	census-gazetteer-2023-cousubs
5002107750	VT	Rutland County	Brandon	town		4116	2024	43.805348	-73.075321	vt-brandon	census-gazetteer-2023-cousubs
5002111950	VT	Rutland County	Castleton	town		4455	2024	43.652757	-73.161222	vt-castleton	census-gazetteer-2023-cousubs
5002114350	VT	Rutland County	Chittenden	town		1225	2024	43.777668	-72.89685	vt-chittenden	census-gazetteer-2023-cousubs
5002114500	VT	Rutland County	Clarendon	town		2409	2024	43.532008	-72.988504	vt-clarendon	census-gazetteer-2023-cousubs
5002116825	VT	Rutland County	Danby	town		1284	2024	43.338334	-73.096496	vt-danby	census-gazetteer-2023-cousubs
5002125375	VT	Rutland County	Fair Haven	town		2710	2024	43.620605	-73.260355	vt-fair-haven	census-gazetteer-2023-cousubs
5002134450	VT	Rutland County	Hubbardton	town		732	2024	43.733999	-73.163513	vt-hubbardton	census-gazetteer-2023-cousubs
5002135425	VT	Rutland County	Ira	town		369	2024	43.569089	-73.097675	vt-ira	census-gazetteer-2023-cousubs
5002137685	VT	Rutland County	Killington	town		1397	2024	43.657594	-72.784406	vt-killington	census-gazetteer-2023-cousubs
5002144125	VT	Rutland County	Mendon	town		1178	2024	43.624582	-72.910192	vt-mendon	census-gazetteer-2023-cousubs
5002144800	VT	Rutland County	Middletown Springs	town		791	2024	43.487222	-73.125431	vt-middletown-springs	census-gazetteer-2023-cousubs
5002147200	VT	Rutland County	Mount Holly	town		1389	2024	43.422927	-72.805828	vt-mount-holly	census-gazetteer-2023-cousubs
5002147425	VT	Rutland County	Mount Tabor	town		209	2024	43.350807	-72.921625	vt-mount-tabor	census-gazetteer-2023-cousubs
5002154250	VT	Rutland County	Pawlet	town		1398	2024	43.360669	-73.186323	vt-pawlet	census-gazetteer-2023-cousubs
5002155450	VT	Rutland County	Pittsfield	town		502	2024	43.80423	-72.836897	vt-pittsfield	census-gazetteer-2023-cousubs
5002155600	VT	Rutland County	Pittsford	town		2891	2024	43.709961	-73.048459	vt-pittsford	census-gazetteer-2023-cousubs
5002156875	VT	Rutland County	Poultney	town		2995	2024	43.539935	-73.189193	vt-poultney	census-gazetteer-2023-cousubs
5002157250	VT	Rutland County	Proctor	town		1712	2024	43.652879	-73.033432	vt-proctor	census-gazetteer-2023-cousubs
5002161225	VT	Rutland County	Rutland	city		15565	2024	43.60967	-72.977788	vt-rutland	census-gazetteer-2023-cousubs
5002161300	VT	Rutland County	Rutland	town		3918	2024	43.64465	-72.953042	vt-rutland-2	census-gazetteer-2023-cousubs
5002165275	VT	Rutland County	Shrewsbury	town		1099	2024	43.523441	-72.860171	vt-shrewsbury	census-gazetteer-2023-cousubs
5002171050	VT	Rutland County	Sudbury	town		546	2024	43.798228	-73.174273	vt-sudbury	census-gazetteer-2023-cousubs
5002172925	VT	Rutland County	Tinmouth	town		554	2024	43.442156	-73.067074	vt-tinmouth	census-gazetteer-2023-cousubs
5002175925	VT	Rutland County	Wallingford	town		2105	2024	43.427094	-72.949941	vt-wallingford	census-gazetteer-2023-cousubs
5002177950	VT	Rutland County	Wells	town		1208	2024	43.442821	-73.191066	vt-wells	census-gazetteer-2023-cousubs
5002180875	VT	Rutland County	West Haven	town		244	2024	43.639255	-73.361595	vt-west-haven	census-gazetteer-2023-cousubs
5002182300	VT	Rutland County	West Rutland	town		2232	2024	43.612399	-73.060304	vt-west-rutland	census-gazetteer-2023-cousubs
5002303175	VT	Washington County	Barre	city		8304	2024	44.199088	-72.507979	vt-barre	census-gazetteer-2023-cousubs
5002303250	VT	Washington County	Barre	town		8019	2024	44.182993	-72.47505	vt-barre-2	census-gazetteer-2023-cousubs
5002305650	VT	Washington County	Berlin	town		2876	2024	44.204483	-72.607591	vt-berlin	census-gazetteer-2023-cousubs
5002311125	VT	Washington County	Cabot	town		1468	2024	44.388725	-72.28876	vt-cabot	census-gazetteer-2023-cousubs
5002311350	VT	Washington County	Calais	town		1668	2024	44.361621	-72.46583	vt-calais	census-gazetteer-2023-cousubs
5002318550	VT	Washington County	Duxbury	town		1444	2024	44.299184	-72.847232	vt-duxbury	census-gazetteer-2023-cousubs
5002321925	VT	Washington County	East Montpelier	town		2604	2024	44.296123	-72.506921	vt-east-montpelier	census-gazetteer-2023-cousubs
5002325825	VT	Washington County	Fayston	town		1408	2024	44.222147	-72.885238	vt-fayston	census-gazetteer-2023-cousubs
5002343600	VT	Washington County	Marshfield	town		1563	2024	44.295947	-72.346185	vt-marshfield	census-gazetteer-2023-cousubs
5002344500	VT	Washington County	Middlesex	town		1814	2024	44.318999	-72.631949	vt-middlesex	census-gazetteer-2023-cousubs
5002346000	VT	Washington County	Montpelier	city		7915	2024	44.266448	-72.571524	vt-montpelier	census-gazetteer-2023-cousubs
5002346225	VT	Washington County	Moretown	town		1752	2024	44.256599	-72.710667	vt-moretown	census-gazetteer-2023-cousubs
5002350275	VT	Washington County	Northfield	town		5915	2024	44.147616	-72.691229	vt-northfield	census-gazetteer-2023-cousubs
5002355825	VT	Washington County	Plainfield	town		1243	2024	44.252375	-72.416559	vt-plainfield	census-gazetteer-2023-cousubs
5002360625	VT	Washington County	Roxbury	town		674	2024	44.065108	-72.729625	vt-roxbury	census-gazetteer-2023-cousubs
5002375325	VT	Washington County	Waitsfield	town		1880	2024	44.180754	-72.797065	vt-waitsfield	census-gazetteer-2023-cousubs
5002376525	VT	Washington County	Warren	town		1974	2024	44.112526	-72.87403	vt-warren	census-gazetteer-2023-cousubs
5002376975	VT	Washington County	Waterbury	town		5434	2024	44.388173	-72.739582	vt-waterbury	census-gazetteer-2023-cousubs
5002385525	VT	Washington County	Woodbury	town		929	2024	44.458085	-72.379129	vt-woodbury	census-gazetteer-2023-cousubs
5002386125	VT	Washington County	Worcester	town		960	2024	44.424714	-72.595374	vt-worcester	census-gazetteer-2023-cousubs
5002501900	VT	Windham County	Athens	town		390	2024	43.118002	-72.587014	vt-athens	census-gazetteer-2023-cousubs
5002507900	VT	Windham County	Brattleboro	town		11975	2024	42.860187	-72.633078	vt-brattleboro	census-gazetteer-2023-cousubs
5002509475	VT	Windham County	Brookline	town		539	2024	43.025456	-72.611255	vt-brookline	census-gazetteer-2023-cousubs
5002517875	VT	Windham County	Dover	town		1835	2024	42.96549	-72.847107	vt-dover	census-gazetteer-2023-cousubs
5002518325	VT	Windham County	Dummerston	town		1864	2024	42.922538	-72.599427	vt-dummerston	census-gazetteer-2023-cousubs
5002528900	VT	Windham County	Grafton	town		638	2024	43.181943	-72.616699	vt-grafton	census-gazetteer-2023-cousubs
5002530925	VT	Windham County	Guilford	town		2107	2024	42.773962	-72.618692	vt-guilford	census-gazetteer-2023-cousubs
5002531150	VT	Windham County	Halifax	town		760	2024	42.783997	-72.748196	vt-halifax	census-gazetteer-2023-cousubs
5002536175	VT	Windham County	Jamaica	town		989	2024	43.102673	-72.820311	vt-jamaica	census-gazetteer-2023-cousubs
5002540225	VT	Windham County	Londonderry	town		1923	2024	43.201068	-72.798579	vt-londonderry	census-gazetteer-2023-cousubs
5002543375	VT	Windham County	Marlboro	town		1772	2024	42.876478	-72.73774	vt-marlboro	census-gazetteer-2023-cousubs
5002548400	VT	Windham County	Newfane	town		1649	2024	42.972754	-72.704039	vt-newfane	census-gazetteer-2023-cousubs
5002557700	VT	Windham County	Putney	town		2597	2024	42.995192	-72.52983	vt-putney	census-gazetteer-2023-cousubs
5002560250	VT	Windham County	Rockingham	town		4745	2024	43.170475	-72.506593	vt-rockingham	census-gazetteer-2023-cousubs
5002565762	VT	Windham County	Somerset	unorganized_territory		4	2024	42.991838	-72.971637	vt-somerset	census-gazetteer-2023-cousubs
5002570750	VT	Windham County	Stratton	town		444	2024	43.077327	-72.918528	vt-stratton	census-gazetteer-2023-cousubs
5002573300	VT	Windham County	Townshend	town		1282	2024	43.069273	-72.68046	vt-townshend	census-gazetteer-2023-cousubs
5002574800	VT	Windham County	Vernon	town		2173	2024	42.764133	-72.522086	vt-vernon	census-gazetteer-2023-cousubs
5002576225	VT	Windham County	Wardsboro	town		861	2024	43.019478	-72.812148	vt-wardsboro	census-gazetteer-2023-cousubs
5002581400	VT	Windham County	Westminster	town		2980	2024	43.074683	-72.508057	vt-westminster	census-gazetteer-2023-cousubs
5002583950	VT	Windham County	Whitingham	town		1351	2024	42.780515	-72.869443	vt-whitingham	census-gazetteer-2023-cousubs
5002584700	VT	Windham County	Wilmington	town		2292	2024	42.88102	-72.865581	vt-wilmington	census-gazetteer-2023-cousubs
5002584850	VT	Windham County	Windham	town		457	2024	43.173802	-72.701358	vt-windham	census-gazetteer-2023-cousubs
5002701300	VT	Windsor County	Andover	town		575	2024	43.292605	-72.722539	vt-andover	census-gazetteer-2023-cousubs
5002702575	VT	Windsor County	Baltimore	town		234	2024	43.355597	-72.559359	vt-baltimore	census-gazetteer-2023-cousubs
5002702725	VT	Windsor County	Barnard	town		997	2024	43.726987	-72.633254	vt-barnard	census-gazetteer-2023-cousubs
5002705800	VT	Windsor County	Bethel	town		1916	2024	43.860579	-72.694238	vt-bethel	census-gazetteer-2023-cousubs
5002708275	VT	Windsor County	Bridgewater	town		902	2024	43.6404	-72.689745	vt-bridgewater	census-gazetteer-2023-cousubs
5002712250	VT	Windsor County	Cavendish	town		1396	2024	43.398536	-72.599916	vt-cavendish	census-gazetteer-2023-cousubs
5002713675	VT	Windsor County	Chester	town		2993	2024	43.285577	-72.629748	vt-chester	census-gazetteer-2023-cousubs
5002732275	VT	Windsor County	Hartford	town		10657	2024	43.664684	-72.386138	vt-hartford	census-gazetteer-2023-cousubs
5002732425	VT	Windsor County	Hartland	town		3441	2024	43.580511	-72.438911	vt-hartland	census-gazetteer-2023-cousubs
5002741275	VT	Windsor County	Ludlow	town		2164	2024	43.395316	-72.703822	vt-ludlow	census-gazetteer-2023-cousubs
5002752900	VT	Windsor County	Norwich	town		3627	2024	43.777633	-72.324007	vt-norwich	census-gazetteer-2023-cousubs
5002756050	VT	Windsor County	Plymouth	town		650	2024	43.508847	-72.693634	vt-plymouth	census-gazetteer-2023-cousubs
5002756350	VT	Windsor County	Pomfret	town		956	2024	43.699606	-72.511764	vt-pomfret	census-gazetteer-2023-cousubs
5002758375	VT	Windsor County	Reading	town		684	2024	43.496493	-72.599969	vt-reading	census-gazetteer-2023-cousubs
5002760100	VT	Windsor County	Rochester	town		1087	2024	43.879408	-72.831685	vt-rochester	census-gazetteer-2023-cousubs
5002760850	VT	Windsor County	Royalton	town		2747	2024	43.814534	-72.552851	vt-royalton	census-gazetteer-2023-cousubs
5002763775	VT	Windsor County	Sharon	town		1560	2024	43.787575	-72.435173	vt-sharon	census-gazetteer-2023-cousubs
5002769550	VT	Windsor County	Springfield	town		9028	2024	43.292029	-72.480418	vt-springfield	census-gazetteer-2023-cousubs
5002770375	VT	Windsor County	Stockbridge	town		728	2024	43.750797	-72.760914	vt-stockbridge	census-gazetteer-2023-cousubs
5002777500	VT	Windsor County	Weathersfield	town		2834	2024	43.392109	-72.476784	vt-weathersfield	census-gazetteer-2023-cousubs
5002782000	VT	Windsor County	Weston	town		628	2024	43.321441	-72.802903	vt-weston	census-gazetteer-2023-cousubs
5002783050	VT	Windsor County	West Windsor	town		1363	2024	43.471468	-72.502618	vt-west-windsor	census-gazetteer-2023-cousubs
5002784925	VT	Windsor County	Windsor	town		3522	2024	43.475357	-72.421045	vt-windsor	census-gazetteer-2023-cousubs
5002785975	VT	Windsor County	Woodstock	town		3008	2024	43.594377	-72.548279	vt-woodstock	census-gazetteer-2023-cousubs
5000400	VT		Albany	village_cdp		178	2024	44.729932	-72.381758	vt-albany-cdp	census-gazetteer-2023-place
5000850	VT		Alburgh	village_cdp		611	2024	44.976728	-73.30257	vt-alburgh-cdp	census-gazetteer-2023-place
5001035	VT		Algiers	village_cdp				42.820005	-72.579559	vt-algiers	census-gazetteer-2023-place
5001375	VT		Arlington	village_cdp				43.072883	-73.146076	vt-arlington-cdp	census-gazetteer-2023-place
5001750	VT		Ascutney	village_cdp				43.408312	-72.405702	vt-ascutney	census-gazetteer-2023-place
5002425	VT		Bakersfield	village_cdp				44.782021	-72.803277	vt-bakersfield-cdp	census-gazetteer-2023-place
5002800	VT		Barnet	village_cdp				44.295484	-72.04983	vt-barnet-cdp	census-gazetteer-2023-place
5003475	VT		Barton	village_cdp		723	2024	44.747972	-72.178552	vt-barton-cdp	census-gazetteer-2023-place
5004150	VT		Beecher Falls	village_cdp				45.009587	-71.487927	vt-beecher-falls	census-gazetteer-2023-place
5004225	VT		Bellows Falls	village_cdp		2740	2024	43.134554	-72.459088	vt-bellows-falls	census-gazetteer-2023-place
5004750	VT		Bennington	village_cdp				42.871243	-73.180181	vt-bennington-cdp	census-gazetteer-2023-place
5005125	VT		Benson	village_cdp				43.710063	-73.302976	vt-benson-cdp	census-gazetteer-2023-place
5005725	VT		Bethel	village_cdp				43.829706	-72.634469	vt-bethel-cdp	census-gazetteer-2023-place
5006475	VT		Bolton	village_cdp				44.374215	-72.88601	vt-bolton-cdp	census-gazetteer-2023-place
5006700	VT		Bolton Valley	village_cdp				44.416642	-72.857466	vt-bolton-valley	census-gazetteer-2023-place
5007225	VT		Bradford	village_cdp				43.995926	-72.124464	vt-bradford-cdp	census-gazetteer-2023-place
5007675	VT		Brandon	village_cdp				43.810474	-73.09028	vt-brandon-cdp	census-gazetteer-2023-place
5007975	VT		Brattleboro	village_cdp				42.861623	-72.559216	vt-brattleboro-cdp	census-gazetteer-2023-place
5008950	VT		Bristol	village_cdp				44.137679	-73.09131	vt-bristol-cdp	census-gazetteer-2023-place
5011050	VT		Cabot	village_cdp				44.406782	-72.316688	vt-cabot-cdp	census-gazetteer-2023-place
5011425	VT		Cambridge	village_cdp		194	2024	44.637307	-72.881406	vt-cambridge-cdp	census-gazetteer-2023-place
5011725	VT		Canaan	village_cdp				45.006739	-71.527141	vt-canaan-cdp	census-gazetteer-2023-place
5011875	VT		Castleton	village_cdp				43.605438	-73.184824	vt-castleton-cdp	census-gazetteer-2023-place
5012062	VT		Castleton Four Corners	village_cdp				43.611965	-73.210573	vt-castleton-four-corners	census-gazetteer-2023-place
5012175	VT		Cavendish	village_cdp				43.385393	-72.607864	vt-cavendish-cdp	census-gazetteer-2023-place
5013450	VT		Chelsea	village_cdp				43.991743	-72.451214	vt-chelsea-cdp	census-gazetteer-2023-place
5013600	VT		Chester	village_cdp				43.269192	-72.596291	vt-chester-cdp	census-gazetteer-2023-place
5013860	VT		Chimney Hill	village_cdp				42.888988	-72.909635	vt-chimney-hill	census-gazetteer-2023-place
5014275	VT		Chittenden	village_cdp				43.703323	-72.949464	vt-chittenden-cdp	census-gazetteer-2023-place
5015175	VT		Concord	village_cdp				44.435598	-71.886404	vt-concord-cdp	census-gazetteer-2023-place
5016075	VT		Coventry	village_cdp				44.864935	-72.270044	vt-coventry-cdp	census-gazetteer-2023-place
5016750	VT		Danby	village_cdp				43.343667	-72.99463	vt-danby-cdp	census-gazetteer-2023-place
5017050	VT		Danville	village_cdp				44.410261	-72.141614	vt-danville-cdp	census-gazetteer-2023-place
5017425	VT		Derby Center	village_cdp		638	2024	44.954564	-72.136208	vt-derby-center	census-gazetteer-2023-place
5017500	VT		Derby Line	village_cdp		670	2024	44.998695	-72.107263	vt-derby-line	census-gazetteer-2023-place
5017650	VT		Dorset	village_cdp				43.26046	-73.108367	vt-dorset-cdp	census-gazetteer-2023-place
5019075	VT		East Barre	village_cdp				44.14834	-72.449497	vt-east-barre	census-gazetteer-2023-place
5019600	VT		East Burke	village_cdp				44.587657	-71.940967	vt-east-burke	census-gazetteer-2023-place
5019975	VT		East Charlotte	village_cdp				44.318368	-73.190865	vt-east-charlotte	census-gazetteer-2023-place
5020350	VT		East Dorset	village_cdp				43.243724	-73.007515	vt-east-dorset	census-gazetteer-2023-place
5021700	VT		East Middlebury	village_cdp				43.976586	-73.100235	vt-east-middlebury	census-gazetteer-2023-place
5021850	VT		East Montpelier	village_cdp				44.267319	-72.491241	vt-east-montpelier-cdp	census-gazetteer-2023-place
5022300	VT		East Poultney	village_cdp				43.525649	-73.215011	vt-east-poultney	census-gazetteer-2023-place
5024025	VT		Enosburg Falls	village_cdp		1334	2024	44.910013	-72.801952	vt-enosburg-falls	census-gazetteer-2023-place
5024850	VT		Fairfax	village_cdp				44.671277	-73.009271	vt-fairfax-cdp	census-gazetteer-2023-place
5025450	VT		Fair Haven	village_cdp				43.592783	-73.268898	vt-fair-haven-cdp	census-gazetteer-2023-place
5025600	VT		Fairlee	village_cdp				43.893818	-72.159137	vt-fairlee-cdp	census-gazetteer-2023-place
5027925	VT		Gilman	village_cdp				44.413981	-71.712284	vt-gilman	census-gazetteer-2023-place
5028000	VT		Glover	village_cdp				44.707108	-72.199329	vt-glover-cdp	census-gazetteer-2023-place
5028825	VT		Grafton	village_cdp				43.170735	-72.60853	vt-grafton-cdp	census-gazetteer-2023-place
5029425	VT		Graniteville	village_cdp				44.145848	-72.481395	vt-graniteville	census-gazetteer-2023-place
5030100	VT		Greensboro	village_cdp				44.578992	-72.315503	vt-greensboro-cdp	census-gazetteer-2023-place
5030325	VT		Greensboro Bend	village_cdp				44.561395	-72.265645	vt-greensboro-bend	census-gazetteer-2023-place
5030475	VT		Groton	village_cdp				44.218915	-72.201097	vt-groton-cdp	census-gazetteer-2023-place
5031600	VT		Hanksville	village_cdp				44.253368	-72.96089	vt-hanksville	census-gazetteer-2023-place
5031750	VT		Hardwick	village_cdp				44.496963	-72.364454	vt-hardwick-cdp	census-gazetteer-2023-place
5032050	VT		Harmonyville	village_cdp				43.036286	-72.667429	vt-harmonyville	census-gazetteer-2023-place
5032205	VT		Hartford Village	village_cdp				43.666738	-72.337742	vt-hartford-village	census-gazetteer-2023-place
5032350	VT		Hartland	village_cdp				43.542639	-72.401149	vt-hartland-cdp	census-gazetteer-2023-place
5033175	VT		Highgate Center	village_cdp				44.934919	-73.038471	vt-highgate-center	census-gazetteer-2023-place
5033325	VT		Highgate Springs	village_cdp				44.978326	-73.105629	vt-highgate-springs	census-gazetteer-2023-place
5033400	VT		Hinesburg	village_cdp				44.333146	-73.109207	vt-hinesburg-cdp	census-gazetteer-2023-place
5034525	VT		Huntington	village_cdp				44.326403	-72.989362	vt-huntington-cdp	census-gazetteer-2023-place
5034675	VT		Huntington Center	village_cdp				44.289043	-72.969163	vt-huntington-center	census-gazetteer-2023-place
5034975	VT		Hyde Park	village_cdp		422	2024	44.599081	-72.608364	vt-hyde-park-cdp	census-gazetteer-2023-place
5035500	VT		Irasburg	village_cdp				44.800772	-72.290572	vt-irasburg-cdp	census-gazetteer-2023-place
5035725	VT		Island Pond	village_cdp				44.814026	-71.885546	vt-island-pond	census-gazetteer-2023-place
5036025	VT		Jacksonville	village_cdp		218	2024	42.79403	-72.815564	vt-jacksonville	census-gazetteer-2023-place
5036100	VT		Jamaica	village_cdp				43.095201	-72.77457	vt-jamaica-cdp	census-gazetteer-2023-place
5036475	VT		Jeffersonville	village_cdp		754	2024	44.64659	-72.826096	vt-jeffersonville	census-gazetteer-2023-place
5036625	VT		Jericho	village_cdp				44.502675	-72.990293	vt-jericho-cdp	census-gazetteer-2023-place
5037000	VT		Johnson	village_cdp		1321	2024	44.636968	-72.678702	vt-johnson-cdp	census-gazetteer-2023-place
5037750	VT		Killington Village	village_cdp				43.650545	-72.778421	vt-killington-village	census-gazetteer-2023-place
5040000	VT		Lincoln	village_cdp				44.102714	-72.99377	vt-lincoln-cdp	census-gazetteer-2023-place
5040150	VT		Londonderry	village_cdp				43.230113	-72.807969	vt-londonderry-cdp	census-gazetteer-2023-place
5040450	VT		Lowell	village_cdp				44.793476	-72.432757	vt-lowell-cdp	census-gazetteer-2023-place
5041200	VT		Ludlow	village_cdp		781	2024	43.401856	-72.699211	vt-ludlow-cdp	census-gazetteer-2023-place
5041350	VT		Lunenburg	village_cdp				44.453063	-71.674197	vt-lunenburg-cdp	census-gazetteer-2023-place
5041650	VT		Lyndon	village_cdp				44.515122	-72.013761	vt-lyndon-cdp	census-gazetteer-2023-place
5041800	VT		Lyndon Center	village_cdp				44.540597	-72.015613	vt-lyndon-center	census-gazetteer-2023-place
5041950	VT		Lyndonville	village_cdp				44.534969	-72.000649	vt-lyndonville	census-gazetteer-2023-place
5042700	VT		Manchester	village_cdp		767	2024	43.160037	-73.067098	vt-manchester-cdp	census-gazetteer-2023-place
5042925	VT		Manchester Center	village_cdp				43.188397	-73.035178	vt-manchester-center	census-gazetteer-2023-place
5043525	VT		Marshfield	village_cdp		269	2024	44.353357	-72.349726	vt-marshfield-cdp	census-gazetteer-2023-place
5044275	VT		Middlebury	village_cdp				44.007904	-73.157609	vt-middlebury-cdp	census-gazetteer-2023-place
5044725	VT		Middletown Springs	village_cdp				43.486568	-73.123045	vt-middletown-springs-cdp	census-gazetteer-2023-place
5045175	VT		Milton	village_cdp				44.630376	-73.12244	vt-milton-cdp	census-gazetteer-2023-place
5046825	VT		Morrisville	village_cdp		2392	2024	44.557227	-72.589969	vt-morrisville	census-gazetteer-2023-place
5048100	VT		Newbury	village_cdp		459	2024	44.080827	-72.057719	vt-newbury-cdp	census-gazetteer-2023-place
5048325	VT		Newfane	village_cdp		94	2024	42.987414	-72.655889	vt-newfane-cdp	census-gazetteer-2023-place
5048550	VT		New Haven	village_cdp				44.133023	-73.14537	vt-new-haven-cdp	census-gazetteer-2023-place
5049000	VT		Newport Center	village_cdp				44.95244	-72.306113	vt-newport-center	census-gazetteer-2023-place
5049075	VT		North Bennington	village_cdp		1701	2024	42.920552	-73.24093	vt-north-bennington	census-gazetteer-2023-place
5049450	VT		North Clarendon	village_cdp				43.571193	-72.968469	vt-north-clarendon	census-gazetteer-2023-place
5050200	VT		Northfield	village_cdp				44.146522	-72.657101	vt-northfield-cdp	census-gazetteer-2023-place
5050500	VT		North Hartland	village_cdp				43.596986	-72.359722	vt-north-hartland	census-gazetteer-2023-place
5050725	VT		North Hyde Park	village_cdp				44.664216	-72.588854	vt-north-hyde-park	census-gazetteer-2023-place
5051325	VT		North Pownal	village_cdp				42.798559	-73.25732	vt-north-pownal	census-gazetteer-2023-place
5051925	VT		North Springfield	village_cdp				43.329902	-72.533788	vt-north-springfield	census-gazetteer-2023-place
5052075	VT		North Troy	village_cdp		608	2024	44.996327	-72.403506	vt-north-troy	census-gazetteer-2023-place
5052375	VT		North Westminster	village_cdp				43.122393	-72.456417	vt-north-westminster	census-gazetteer-2023-place
5052825	VT		Norwich	village_cdp				43.718016	-72.30566	vt-norwich-cdp	census-gazetteer-2023-place
5053125	VT		Old Bennington	village_cdp		132	2024	42.884855	-73.214297	vt-old-bennington	census-gazetteer-2023-place
5053575	VT		Orleans	village_cdp		773	2024	44.80877	-72.199501	vt-orleans	census-gazetteer-2023-place
5054175	VT		Pawlet	village_cdp				43.338969	-73.168393	vt-pawlet-cdp	census-gazetteer-2023-place
5054325	VT		Peacham	village_cdp				44.32958	-72.172452	vt-peacham-cdp	census-gazetteer-2023-place
5055525	VT		Pittsford	village_cdp				43.71234	-73.025265	vt-pittsford-cdp	census-gazetteer-2023-place
5055750	VT		Plainfield	village_cdp				44.280961	-72.431823	vt-plainfield-cdp	census-gazetteer-2023-place
5056800	VT		Poultney	village_cdp		1092	2024	43.517815	-73.235967	vt-poultney-cdp	census-gazetteer-2023-place
5056950	VT		Pownal	village_cdp				42.765345	-73.234162	vt-pownal-cdp	census-gazetteer-2023-place
5057100	VT		Pownal Center	village_cdp				42.79766	-73.221503	vt-pownal-center	census-gazetteer-2023-place
5057246	VT		Proctor	village_cdp				43.676401	-73.045352	vt-proctor-cdp	census-gazetteer-2023-place
5057400	VT		Proctorsville	village_cdp				43.380832	-72.641468	vt-proctorsville	census-gazetteer-2023-place
5057625	VT		Putney	village_cdp				42.971324	-72.527696	vt-putney-cdp	census-gazetteer-2023-place
5057775	VT		Quechee	village_cdp				43.64451	-72.418975	vt-quechee	census-gazetteer-2023-place
5058000	VT		Randolph	village_cdp				43.926347	-72.666361	vt-randolph-cdp	census-gazetteer-2023-place
5058525	VT		Readsboro	village_cdp				42.765556	-72.952062	vt-readsboro-cdp	census-gazetteer-2023-place
5059050	VT		Richford	village_cdp				44.994014	-72.669443	vt-richford-cdp	census-gazetteer-2023-place
5059200	VT		Richmond	village_cdp				44.405738	-73.001469	vt-richmond-cdp	census-gazetteer-2023-place
5060025	VT		Rochester	village_cdp				43.870387	-72.803593	vt-rochester-cdp	census-gazetteer-2023-place
5062046	VT		St. George	village_cdp				44.379745	-73.131557	vt-st-george-cdp	census-gazetteer-2023-place
5062125	VT		St. Johnsbury	village_cdp				44.430445	-72.008582	vt-st-johnsbury-cdp	census-gazetteer-2023-place
5062950	VT		Saxtons River	village_cdp		467	2024	43.139367	-72.511138	vt-saxtons-river	census-gazetteer-2023-place
5064000	VT		Sheffield	village_cdp				44.596085	-72.115177	vt-sheffield-cdp	census-gazetteer-2023-place
5064225	VT		Shelburne	village_cdp				44.390452	-73.217992	vt-shelburne-cdp	census-gazetteer-2023-place
5066025	VT		South Barre	village_cdp				44.160691	-72.502255	vt-south-barre	census-gazetteer-2023-place
5066925	VT		South Hero	village_cdp				44.648436	-73.301318	vt-south-hero-cdp	census-gazetteer-2023-place
5067150	VT		South Lincoln	village_cdp				44.059925	-72.974529	vt-south-lincoln	census-gazetteer-2023-place
5067225	VT		South Londonderry	village_cdp				43.191434	-72.808258	vt-south-londonderry	census-gazetteer-2023-place
5068050	VT		South Royalton	village_cdp				43.807051	-72.512259	vt-south-royalton	census-gazetteer-2023-place
5068200	VT		South Shaftsbury	village_cdp				42.9406	-73.194627	vt-south-shaftsbury	census-gazetteer-2023-place
5069250	VT		South Woodstock	village_cdp				43.560217	-72.527025	vt-south-woodstock	census-gazetteer-2023-place
5069475	VT		Springfield	village_cdp				43.296641	-72.48187	vt-springfield-cdp	census-gazetteer-2023-place
5069700	VT		Stamford	village_cdp				42.754844	-73.060965	vt-stamford-cdp	census-gazetteer-2023-place
5070450	VT		Stowe	village_cdp				44.467241	-72.68377	vt-stowe-cdp	census-gazetteer-2023-place
5070825	VT		Stratton Mountain	village_cdp				43.116202	-72.905312	vt-stratton-mountain	census-gazetteer-2023-place
5071500	VT		Sutton	village_cdp				44.630091	-72.031527	vt-sutton-cdp	census-gazetteer-2023-place
5071650	VT		Swanton	village_cdp		2382	2024	44.924538	-73.119353	vt-swanton-cdp	census-gazetteer-2023-place
5073225	VT		Townshend	village_cdp				43.049461	-72.670371	vt-townshend-cdp	census-gazetteer-2023-place
5073450	VT		Troy	village_cdp				44.911101	-72.401641	vt-troy-cdp	census-gazetteer-2023-place
5074050	VT		Underhill Center	village_cdp				44.50805	-72.89874	vt-underhill-center	census-gazetteer-2023-place
5074125	VT		Underhill Flats	village_cdp				44.523259	-72.946234	vt-underhill-flats	census-gazetteer-2023-place
5075250	VT		Waitsfield	village_cdp				44.183349	-72.834513	vt-waitsfield-cdp	census-gazetteer-2023-place
5075850	VT		Wallingford	village_cdp				43.472663	-72.965999	vt-wallingford-cdp	census-gazetteer-2023-place
5076150	VT		Wardsboro	village_cdp				43.043815	-72.788421	vt-wardsboro-cdp	census-gazetteer-2023-place
5076900	VT		Waterbury	village_cdp				44.336415	-72.749053	vt-waterbury-cdp	census-gazetteer-2023-place
5077050	VT		Waterbury Center	village_cdp				44.377996	-72.72082	vt-waterbury-center	census-gazetteer-2023-place
5077800	VT		Websterville	village_cdp				44.157314	-72.477642	vt-websterville	census-gazetteer-2023-place
5077875	VT		Wells	village_cdp				43.418682	-73.212275	vt-wells-cdp	census-gazetteer-2023-place
5078025	VT		Wells River	village_cdp		452	2024	44.156476	-72.067979	vt-wells-river	census-gazetteer-2023-place
5078850	VT		West Brattleboro	village_cdp				42.856521	-72.600362	vt-west-brattleboro	census-gazetteer-2023-place
5079150	VT		West Burke	village_cdp		277	2024	44.643829	-71.979303	vt-west-burke	census-gazetteer-2023-place
5079335	VT		West Charlotte	village_cdp				44.307338	-73.257254	vt-west-charlotte	census-gazetteer-2023-place
5079750	VT		West Dummerston	village_cdp				42.929804	-72.612833	vt-west-dummerston	census-gazetteer-2023-place
5080275	VT		Westford	village_cdp				44.603324	-73.015994	vt-westford-cdp	census-gazetteer-2023-place
5081325	VT		Westminster	village_cdp		285	2024	43.078539	-72.454315	vt-westminster-cdp	census-gazetteer-2023-place
5081925	VT		Weston	village_cdp				43.290739	-72.793704	vt-weston-cdp	census-gazetteer-2023-place
5082150	VT		West Pawlet	village_cdp				43.354365	-73.247572	vt-west-pawlet	census-gazetteer-2023-place
5082375	VT		West Rutland	village_cdp				43.596686	-73.042958	vt-west-rutland-cdp	census-gazetteer-2023-place
5083125	VT		West Woodstock	village_cdp				43.610383	-72.552513	vt-west-woodstock	census-gazetteer-2023-place
5083575	VT		White River Junction	village_cdp				43.650026	-72.329173	vt-white-river-junction	census-gazetteer-2023-place
5083875	VT		Whitingham	village_cdp				42.789194	-72.883349	vt-whitingham-cdp	census-gazetteer-2023-place
5084025	VT		Wilder	village_cdp				43.677681	-72.320418	vt-wilder	census-gazetteer-2023-place
5084100	VT		Williamstown	village_cdp				44.117705	-72.550501	vt-williamstown-cdp	census-gazetteer-2023-place
5084625	VT		Wilmington	village_cdp				42.869334	-72.861064	vt-wilmington-cdp	census-gazetteer-2023-place
5085000	VT		Windsor	village_cdp				43.479211	-72.39066	vt-windsor-cdp	census-gazetteer-2023-place
5085300	VT		Wolcott	village_cdp				44.551809	-72.470074	vt-wolcott-cdp	census-gazetteer-2023-place
5085900	VT		Woodstock	village_cdp		927	2024	43.62344	-72.513003	vt-woodstock-cdp	census-gazetteer-2023-place
5086050	VT		Worcester	village_cdp				44.370033	-72.550149	vt-worcester-cdp	census-gazetteer-2023-place
0911001080	CT	Capitol Planning Region	Andover	town		3177	2024	41.732982	-72.374658	ct-andover	census-gazetteer-2023-cousubs
0911002060	CT	Capitol Planning Region	Avon	town		19106	2024	41.787159	-72.852046	ct-avon	census-gazetteer-2023-cousubs
0911004300	CT	Capitol Planning Region	Berlin	town		20646	2024	41.605451	-72.778497	ct-berlin	census-gazetteer-2023-cousubs
0911005910	CT	Capitol Planning Region	Bloomfield	town		22198	2024	41.843772	-72.741002	ct-bloomfield	census-gazetteer-2023-cousubs
0911006260	CT	Capitol Planning Region	Bolton	town		4895	2024	41.764589	-72.437575	ct-bolton	census-gazetteer-2023-cousubs
0911012270	CT	Capitol Planning Region	Canton	town		10273	2024	41.858726	-72.910862	ct-canton	census-gazetteer-2023-cousubs
0911016400	CT	Capitol Planning Region	Columbia	town		5359	2024	41.693707	-72.305671	ct-columbia	census-gazetteer-2023-cousubs
0911017800	CT	Capitol Planning Region	Coventry	town		12445	2024	41.780212	-72.343758	ct-coventry	census-gazetteer-2023-cousubs
0911022070	CT	Capitol Planning Region	East Granby	town		5278	2024	41.929719	-72.745378	ct-east-granby	census-gazetteer-2023-cousubs
0911022630	CT	Capitol Planning Region	East Hartford	town		51127	2024	41.760695	-72.607646	ct-east-hartford	census-gazetteer-2023-cousubs
0911024800	CT	Capitol Planning Region	East Windsor	town		11301	2024	41.904009	-72.564473	ct-east-windsor	census-gazetteer-2023-cousubs
0911025360	CT	Capitol Planning Region	Ellington	town		16585	2024	41.914149	-72.445568	ct-ellington	census-gazetteer-2023-cousubs
0911025990	CT	Capitol Planning Region	Enfield	town		41140	2024	41.983993	-72.555553	ct-enfield	census-gazetteer-2023-cousubs
0911027600	CT	Capitol Planning Region	Farmington	town		28189	2024	41.729774	-72.842031	ct-farmington	census-gazetteer-2023-cousubs
0911031240	CT	Capitol Planning Region	Glastonbury	town		35553	2024	41.691883	-72.552173	ct-glastonbury	census-gazetteer-2023-cousubs
0911032640	CT	Capitol Planning Region	Granby	town		11751	2024	41.97148	-72.830159	ct-granby	census-gazetteer-2023-cousubs
0911037070	CT	Capitol Planning Region	Hartford	town		122129	2024	41.765933	-72.681579	ct-hartford	census-gazetteer-2023-cousubs
0911037910	CT	Capitol Planning Region	Hebron	town		9254	2024	41.658584	-72.39342	ct-hebron	census-gazetteer-2023-cousubs
0911044700	CT	Capitol Planning Region	Manchester	town		59948	2024	41.77524	-72.524434	ct-manchester	census-gazetteer-2023-cousubs
0911044910	CT	Capitol Planning Region	Mansfield	town		27996	2024	41.789272	-72.228464	ct-mansfield	census-gazetteer-2023-cousubs
0911045820	CT	Capitol Planning Region	Marlborough	town		6192	2024	41.636439	-72.454002	ct-marlborough	census-gazetteer-2023-cousubs
0911050440	CT	Capitol Planning Region	New Britain	town		75871	2024	41.676555	-72.786161	ct-new-britain	census-gazetteer-2023-cousubs
0911052140	CT	Capitol Planning Region	Newington	town		31692	2024	41.686993	-72.730839	ct-newington	census-gazetteer-2023-cousubs
0911060120	CT	Capitol Planning Region	Plainville	town		17757	2024	41.673992	-72.854434	ct-plainville	census-gazetteer-2023-cousubs
0911065370	CT	Capitol Planning Region	Rocky Hill	town		21373	2024	41.656624	-72.661779	ct-rocky-hill	census-gazetteer-2023-cousubs
0911068940	CT	Capitol Planning Region	Simsbury	town		25353	2024	41.87253	-72.828438	ct-simsbury	census-gazetteer-2023-cousubs
0911069220	CT	Capitol Planning Region	Somers	town		10905	2024	41.992633	-72.453725	ct-somers	census-gazetteer-2023-cousubs
0911070550	CT	Capitol Planning Region	Southington	town		44197	2024	41.60716	-72.87876	ct-southington	census-gazetteer-2023-cousubs
0911071390	CT	Capitol Planning Region	South Windsor	town		27062	2024	41.83809	-72.577836	ct-south-windsor	census-gazetteer-2023-cousubs
0911072090	CT	Capitol Planning Region	Stafford	town		11692	2024	41.983879	-72.307574	ct-stafford	census-gazetteer-2023-cousubs
0911074540	CT	Capitol Planning Region	Suffield	town		15964	2024	41.999915	-72.678751	ct-suffield	census-gazetteer-2023-cousubs
0911076290	CT	Capitol Planning Region	Tolland	town		14739	2024	41.883019	-72.358869	ct-tolland	census-gazetteer-2023-cousubs
0911078250	CT	Capitol Planning Region	Vernon	town		30895	2024	41.837561	-72.45904	ct-vernon	census-gazetteer-2023-cousubs
0911082590	CT	Capitol Planning Region	West Hartford	town		64184	2024	41.766568	-72.754944	ct-west-hartford	census-gazetteer-2023-cousubs
0911084900	CT	Capitol Planning Region	Wethersfield	town		27372	2024	41.702484	-72.669301	ct-wethersfield	census-gazetteer-2023-cousubs
0911085950	CT	Capitol Planning Region	Willington	town		5609	2024	41.897267	-72.251848	ct-willington	census-gazetteer-2023-cousubs
0911087000	CT	Capitol Planning Region	Windsor	town		29658	2024	41.871037	-72.675082	ct-windsor	census-gazetteer-2023-cousubs
0911087070	CT	Capitol Planning Region	Windsor Locks	town		12643	2024	41.92779	-72.651616	ct-windsor-locks	census-gazetteer-2023-cousubs
0912008070	CT	Greater Bridgeport Planning Region	Bridgeport	town		151599	2024	41.187393	-73.195757	ct-bridgeport	census-gazetteer-2023-cousubs
0912023890	CT	Greater Bridgeport Planning Region	Easton	town		7815	2024	41.264945	-73.300479	ct-easton	census-gazetteer-2023-cousubs
0912026620	CT	Greater Bridgeport Planning Region	Fairfield	town		65300	2024	41.17594	-73.272046	ct-fairfield	census-gazetteer-2023-cousubs
0912048620	CT	Greater Bridgeport Planning Region	Monroe	town		19269	2024	41.339236	-73.222828	ct-monroe	census-gazetteer-2023-cousubs
0912074190	CT	Greater Bridgeport Planning Region	Stratford	town		53610	2024	41.205688	-73.127986	ct-stratford	census-gazetteer-2023-cousubs
0912077200	CT	Greater Bridgeport Planning Region	Trumbull	town		38073	2024	41.272891	-73.211899	ct-trumbull	census-gazetteer-2023-cousubs
0913014300	CT	Lower Connecticut River Valley Planning Region	Chester	town		3748	2024	41.411728	-72.487146	ct-chester	census-gazetteer-2023-cousubs
0913015350	CT	Lower Connecticut River Valley Planning Region	Clinton	town		13467	2024	41.29513	-72.530039	ct-clinton	census-gazetteer-2023-cousubs
0913018080	CT	Lower Connecticut River Valley Planning Region	Cromwell	town		14388	2024	41.616609	-72.66156	ct-cromwell	census-gazetteer-2023-cousubs
0913019130	CT	Lower Connecticut River Valley Planning Region	Deep River	town		4483	2024	41.367819	-72.477442	ct-deep-river	census-gazetteer-2023-cousubs
0913020810	CT	Lower Connecticut River Valley Planning Region	Durham	town		7230	2024	41.468922	-72.684525	ct-durham	census-gazetteer-2023-cousubs
0913022280	CT	Lower Connecticut River Valley Planning Region	East Haddam	town		9061	2024	41.476661	-72.39212	ct-east-haddam	census-gazetteer-2023-cousubs
0913022490	CT	Lower Connecticut River Valley Planning Region	East Hampton	town		13109	2024	41.567737	-72.509544	ct-east-hampton	census-gazetteer-2023-cousubs
0913026270	CT	Lower Connecticut River Valley Planning Region	Essex	town		6847	2024	41.349862	-72.413383	ct-essex	census-gazetteer-2023-cousubs
0913035230	CT	Lower Connecticut River Valley Planning Region	Haddam	town		8806	2024	41.480809	-72.548636	ct-haddam	census-gazetteer-2023-cousubs
0913040710	CT	Lower Connecticut River Valley Planning Region	Killingworth	town		6284	2024	41.374419	-72.578328	ct-killingworth	census-gazetteer-2023-cousubs
0913044210	CT	Lower Connecticut River Valley Planning Region	Lyme	town		2421	2024	41.398615	-72.331546	ct-lyme	census-gazetteer-2023-cousubs
0913047080	CT	Lower Connecticut River Valley Planning Region	Middlefield	town		4274	2024	41.514163	-72.717844	ct-middlefield	census-gazetteer-2023-cousubs
0913047360	CT	Lower Connecticut River Valley Planning Region	Middletown	town		48616	2024	41.548611	-72.656784	ct-middletown	census-gazetteer-2023-cousubs
0913057040	CT	Lower Connecticut River Valley Planning Region	Old Lyme	town		7721	2024	41.31232	-72.305742	ct-old-lyme	census-gazetteer-2023-cousubs
0913057320	CT	Lower Connecticut River Valley Planning Region	Old Saybrook	town		10689	2024	41.293504	-72.383594	ct-old-saybrook	census-gazetteer-2023-cousubs
0913061800	CT	Lower Connecticut River Valley Planning Region	Portland	town		9478	2024	41.598834	-72.589071	ct-portland	census-gazetteer-2023-cousubs
0913081680	CT	Lower Connecticut River Valley Planning Region	Westbrook	town		6918	2024	41.303695	-72.478017	ct-westbrook	census-gazetteer-2023-cousubs
0914001220	CT	Naugatuck Valley Planning Region	Ansonia	town		19195	2024	41.344249	-73.069825	ct-ansonia	census-gazetteer-2023-cousubs
0914003250	CT	Naugatuck Valley Planning Region	Beacon Falls	town		6271	2024	41.443685	-73.051925	ct-beacon-falls	census-gazetteer-2023-cousubs
0914004930	CT	Naugatuck Valley Planning Region	Bethlehem	town		3449	2024	41.635759	-73.211422	ct-bethlehem	census-gazetteer-2023-cousubs
0914008490	CT	Naugatuck Valley Planning Region	Bristol	town		62195	2024	41.681578	-72.940749	ct-bristol	census-gazetteer-2023-cousubs
0914014160	CT	Naugatuck Valley Planning Region	Cheshire	town		30610	2024	41.511827	-72.903617	ct-cheshire	census-gazetteer-2023-cousubs
0914019550	CT	Naugatuck Valley Planning Region	Derby	town		12915	2024	41.326124	-73.082574	ct-derby	census-gazetteer-2023-cousubs
0914046940	CT	Naugatuck Valley Planning Region	Middlebury	town		8025	2024	41.524691	-73.123016	ct-middlebury	census-gazetteer-2023-cousubs
0914049950	CT	Naugatuck Valley Planning Region	Naugatuck	town		32116	2024	41.487785	-73.051551	ct-naugatuck	census-gazetteer-2023-cousubs
0914058300	CT	Naugatuck Valley Planning Region	Oxford	town		13264	2024	41.444033	-73.148235	ct-oxford	census-gazetteer-2023-cousubs
0914060750	CT	Naugatuck Valley Planning Region	Plymouth	town		11879	2024	41.666392	-73.026516	ct-plymouth	census-gazetteer-2023-cousubs
0914062290	CT	Naugatuck Valley Planning Region	Prospect	town		9573	2024	41.499247	-72.975634	ct-prospect	census-gazetteer-2023-cousubs
0914067610	CT	Naugatuck Valley Planning Region	Seymour	town		17139	2024	41.385466	-73.083641	ct-seymour	census-gazetteer-2023-cousubs
0914068170	CT	Naugatuck Valley Planning Region	Shelton	town		42805	2024	41.304577	-73.139215	ct-shelton	census-gazetteer-2023-cousubs
0914069640	CT	Naugatuck Valley Planning Region	Southbury	town		20342	2024	41.475986	-73.229692	ct-southbury	census-gazetteer-2023-cousubs
0914075730	CT	Naugatuck Valley Planning Region	Thomaston	town		7566	2024	41.664944	-73.096325	ct-thomaston	census-gazetteer-2023-cousubs
0914080070	CT	Naugatuck Valley Planning Region	Waterbury	town		115908	2024	41.5585	-73.036685	ct-waterbury	census-gazetteer-2023-cousubs
0914080490	CT	Naugatuck Valley Planning Region	Watertown	town		22497	2024	41.617245	-73.114362	ct-watertown	census-gazetteer-2023-cousubs
0914087560	CT	Naugatuck Valley Planning Region	Wolcott	town		16511	2024	41.59503	-72.968514	ct-wolcott	census-gazetteer-2023-cousubs
0914087910	CT	Naugatuck Valley Planning Region	Woodbury	town		9960	2024	41.561632	-73.206096	ct-woodbury	census-gazetteer-2023-cousubs
0915001430	CT	Northeastern Connecticut Planning Region	Ashford	town		4263	2024	41.897123	-72.171427	ct-ashford	census-gazetteer-2023-cousubs
0915009190	CT	Northeastern Connecticut Planning Region	Brooklyn	town		8708	2024	41.787243	-71.957401	ct-brooklyn	census-gazetteer-2023-cousubs
0915012130	CT	Northeastern Connecticut Planning Region	Canterbury	town		5222	2024	41.69396	-72.009118	ct-canterbury	census-gazetteer-2023-cousubs
0915013810	CT	Northeastern Connecticut Planning Region	Chaplin	town		2179	2024	41.79089	-72.12954	ct-chaplin	census-gazetteer-2023-cousubs
0915021860	CT	Northeastern Connecticut Planning Region	Eastford	town		1706	2024	41.89559	-72.093304	ct-eastford	census-gazetteer-2023-cousubs
0915036000	CT	Northeastern Connecticut Planning Region	Hampton	town		1759	2024	41.78303	-72.064572	ct-hampton	census-gazetteer-2023-cousubs
0915040500	CT	Northeastern Connecticut Planning Region	Killingly	town		18093	2024	41.829902	-71.849097	ct-killingly	census-gazetteer-2023-cousubs
0915059980	CT	Northeastern Connecticut Planning Region	Plainfield	town		15315	2024	41.693613	-71.900776	ct-plainfield	census-gazetteer-2023-cousubs
0915061030	CT	Northeastern Connecticut Planning Region	Pomfret	town		4355	2024	41.86804	-71.97226	ct-pomfret	census-gazetteer-2023-cousubs
0915062710	CT	Northeastern Connecticut Planning Region	Putnam	town		9407	2024	41.908027	-71.870452	ct-putnam	census-gazetteer-2023-cousubs
0915067400	CT	Northeastern Connecticut Planning Region	Scotland	town		1598	2024	41.697636	-72.087289	ct-scotland	census-gazetteer-2023-cousubs
0915073420	CT	Northeastern Connecticut Planning Region	Sterling	town		3694	2024	41.7012	-71.815988	ct-sterling	census-gazetteer-2023-cousubs
0915075870	CT	Northeastern Connecticut Planning Region	Thompson	town		9513	2024	41.990287	-71.867024	ct-thompson	census-gazetteer-2023-cousubs
0915077830	CT	Northeastern Connecticut Planning Region	Union	town		805	2024	41.999885	-72.162244	ct-union	census-gazetteer-2023-cousubs
0915078600	CT	Northeastern Connecticut Planning Region	Voluntown	town		2650	2024	41.579192	-71.831228	ct-voluntown	census-gazetteer-2023-cousubs
0915088190	CT	Northeastern Connecticut Planning Region	Woodstock	town		8434	2024	41.966208	-72.022786	ct-woodstock	census-gazetteer-2023-cousubs
0916002760	CT	Northwest Hills Planning Region	Barkhamsted	town		3717	2024	41.935708	-72.972921	ct-barkhamsted	census-gazetteer-2023-cousubs
0916010100	CT	Northwest Hills Planning Region	Burlington	town		9804	2024	41.749079	-72.948657	ct-burlington	census-gazetteer-2023-cousubs
0916010940	CT	Northwest Hills Planning Region	Canaan	town		1088	2024	41.962959	-73.307143	ct-canaan	census-gazetteer-2023-cousubs
0916016050	CT	Northwest Hills Planning Region	Colebrook	town		1370	2024	42.005797	-73.064184	ct-colebrook	census-gazetteer-2023-cousubs
0916017240	CT	Northwest Hills Planning Region	Cornwall	town		1585	2024	41.84806	-73.330561	ct-cornwall	census-gazetteer-2023-cousubs
0916032290	CT	Northwest Hills Planning Region	Goshen	town		3265	2024	41.849537	-73.234002	ct-goshen	census-gazetteer-2023-cousubs
0916037140	CT	Northwest Hills Planning Region	Hartland	town		1921	2024	42.001205	-72.954027	ct-hartland	census-gazetteer-2023-cousubs
0916037280	CT	Northwest Hills Planning Region	Harwinton	town		5688	2024	41.761345	-73.060443	ct-harwinton	census-gazetteer-2023-cousubs
0916040290	CT	Northwest Hills Planning Region	Kent	town		3084	2024	41.729782	-73.45414	ct-kent	census-gazetteer-2023-cousubs
0916043370	CT	Northwest Hills Planning Region	Litchfield	town		8333	2024	41.740937	-73.192751	ct-litchfield	census-gazetteer-2023-cousubs
0916049460	CT	Northwest Hills Planning Region	Morris	town		2290	2024	41.694323	-73.209998	ct-morris	census-gazetteer-2023-cousubs
0916051350	CT	Northwest Hills Planning Region	New Hartford	town		6710	2024	41.841053	-72.998664	ct-new-hartford	census-gazetteer-2023-cousubs
0916053470	CT	Northwest Hills Planning Region	Norfolk	town		1601	2024	41.969773	-73.178439	ct-norfolk	census-gazetteer-2023-cousubs
0916054030	CT	Northwest Hills Planning Region	North Canaan	town		3220	2024	42.020594	-73.296246	ct-north-canaan	census-gazetteer-2023-cousubs
0916065930	CT	Northwest Hills Planning Region	Roxbury	town		2310	2024	41.555532	-73.296026	ct-roxbury	census-gazetteer-2023-cousubs
0916066420	CT	Northwest Hills Planning Region	Salisbury	town		4279	2024	41.986226	-73.425273	ct-salisbury	census-gazetteer-2023-cousubs
0916067960	CT	Northwest Hills Planning Region	Sharon	town		2755	2024	41.860763	-73.449215	ct-sharon	census-gazetteer-2023-cousubs
0916076570	CT	Northwest Hills Planning Region	Torrington	town		35673	2024	41.8342	-73.13147	ct-torrington	census-gazetteer-2023-cousubs
0916079510	CT	Northwest Hills Planning Region	Warren	town		1378	2024	41.735855	-73.342831	ct-warren	census-gazetteer-2023-cousubs
0916079720	CT	Northwest Hills Planning Region	Washington	town		3721	2024	41.656175	-73.310175	ct-washington	census-gazetteer-2023-cousubs
0916086440	CT	Northwest Hills Planning Region	Winchester	town		10309	2024	41.927213	-73.109336	ct-winchester	census-gazetteer-2023-cousubs
0917004580	CT	South Central Connecticut Planning Region	Bethany	town		5324	2024	41.422964	-72.994187	ct-bethany	census-gazetteer-2023-cousubs
0917007310	CT	South Central Connecticut Planning Region	Branford	town		28448	2024	41.279949	-72.78595	ct-branford	census-gazetteer-2023-cousubs
0917022910	CT	South Central Connecticut Planning Region	East Haven	town		27953	2024	41.293453	-72.858994	ct-east-haven	census-gazetteer-2023-cousubs
0917034950	CT	South Central Connecticut Planning Region	Guilford	town		22264	2024	41.339032	-72.70609	ct-guilford	census-gazetteer-2023-cousubs
0917035650	CT	South Central Connecticut Planning Region	Hamden	town		61510	2024	41.397329	-72.922226	ct-hamden	census-gazetteer-2023-cousubs
0917044560	CT	South Central Connecticut Planning Region	Madison	town		17688	2024	41.344479	-72.624543	ct-madison	census-gazetteer-2023-cousubs
0917046520	CT	South Central Connecticut Planning Region	Meriden	town		60849	2024	41.536777	-72.794543	ct-meriden	census-gazetteer-2023-cousubs
0917047535	CT	South Central Connecticut Planning Region	Milford	town		53396	2024	41.225086	-73.06111	ct-milford	census-gazetteer-2023-cousubs
0917052070	CT	South Central Connecticut Planning Region	New Haven	town		137562	2024	41.310809	-72.924953	ct-new-haven	census-gazetteer-2023-cousubs
0917053890	CT	South Central Connecticut Planning Region	North Branford	town		13551	2024	41.362257	-72.783462	ct-north-branford	census-gazetteer-2023-cousubs
0917054870	CT	South Central Connecticut Planning Region	North Haven	town		24844	2024	41.381465	-72.856371	ct-north-haven	census-gazetteer-2023-cousubs
0917057600	CT	South Central Connecticut Planning Region	Orange	town		14431	2024	41.284951	-73.024637	ct-orange	census-gazetteer-2023-cousubs
0917078740	CT	South Central Connecticut Planning Region	Wallingford	town		44389	2024	41.458657	-72.804516	ct-wallingford	census-gazetteer-2023-cousubs
0917082870	CT	South Central Connecticut Planning Region	West Haven	town		55379	2024	41.272121	-72.967497	ct-west-haven	census-gazetteer-2023-cousubs
0917087700	CT	South Central Connecticut Planning Region	Woodbridge	town		9130	2024	41.363536	-73.003891	ct-woodbridge	census-gazetteer-2023-cousubs
0918006820	CT	Southeastern Connecticut Planning Region	Bozrah	town		2426	2024	41.545058	-72.175228	ct-bozrah	census-gazetteer-2023-cousubs
0918015910	CT	Southeastern Connecticut Planning Region	Colchester	town		15752	2024	41.557271	-72.344247	ct-colchester	census-gazetteer-2023-cousubs
0918023400	CT	Southeastern Connecticut Planning Region	East Lyme	town		19004	2024	41.356068	-72.229841	ct-east-lyme	census-gazetteer-2023-cousubs
0918029910	CT	Southeastern Connecticut Planning Region	Franklin	town		1900	2024	41.621212	-72.142609	ct-franklin	census-gazetteer-2023-cousubs
0918033900	CT	Southeastern Connecticut Planning Region	Griswold	town		11683	2024	41.584772	-71.921091	ct-griswold	census-gazetteer-2023-cousubs
0918034250	CT	Southeastern Connecticut Planning Region	Groton	town		38762	2024	41.347718	-72.031345	ct-groton	census-gazetteer-2023-cousubs
0918042390	CT	Southeastern Connecticut Planning Region	Lebanon	town		7141	2024	41.632955	-72.24009	ct-lebanon	census-gazetteer-2023-cousubs
0918042600	CT	Southeastern Connecticut Planning Region	Ledyard	town		15575	2024	41.431132	-72.020303	ct-ledyard	census-gazetteer-2023-cousubs
0918043230	CT	Southeastern Connecticut Planning Region	Lisbon	town		4249	2024	41.602766	-72.012261	ct-lisbon	census-gazetteer-2023-cousubs
0918048900	CT	Southeastern Connecticut Planning Region	Montville	town		17913	2024	41.4639	-72.15557	ct-montville	census-gazetteer-2023-cousubs
0918052350	CT	Southeastern Connecticut Planning Region	New London	town		28081	2024	41.332957	-72.096176	ct-new-london	census-gazetteer-2023-cousubs
0918055500	CT	Southeastern Connecticut Planning Region	North Stonington	town		5197	2024	41.470969	-71.872525	ct-north-stonington	census-gazetteer-2023-cousubs
0918056270	CT	Southeastern Connecticut Planning Region	Norwich	town		39993	2024	41.548006	-72.089454	ct-norwich	census-gazetteer-2023-cousubs
0918062150	CT	Southeastern Connecticut Planning Region	Preston	town		4855	2024	41.518652	-72.006597	ct-preston	census-gazetteer-2023-cousubs
0918066210	CT	Southeastern Connecticut Planning Region	Salem	town		4326	2024	41.489351	-72.25838	ct-salem	census-gazetteer-2023-cousubs
0918071670	CT	Southeastern Connecticut Planning Region	Sprague	town		2948	2024	41.63557	-72.077527	ct-sprague	census-gazetteer-2023-cousubs
0918073770	CT	Southeastern Connecticut Planning Region	Stonington	town		18782	2024	41.36351	-71.911368	ct-stonington	census-gazetteer-2023-cousubs
0918080280	CT	Southeastern Connecticut Planning Region	Waterford	town		19910	2024	41.351686	-72.146834	ct-waterford	census-gazetteer-2023-cousubs
0918086790	CT	Southeastern Connecticut Planning Region	Windham	town		24105	2024	41.714475	-72.168667	ct-windham	census-gazetteer-2023-cousubs
0919004720	CT	Western Connecticut Planning Region	Bethel	town		21490	2024	41.369778	-73.389503	ct-bethel	census-gazetteer-2023-cousubs
0919008210	CT	Western Connecticut Planning Region	Bridgewater	town		1671	2024	41.520294	-73.361093	ct-bridgewater	census-gazetteer-2023-cousubs
0919008980	CT	Western Connecticut Planning Region	Brookfield	town		18186	2024	41.470402	-73.39476	ct-brookfield	census-gazetteer-2023-cousubs
0919018500	CT	Western Connecticut Planning Region	Danbury	town		88692	2024	41.398741	-73.478103	ct-danbury	census-gazetteer-2023-cousubs
0919018850	CT	Western Connecticut Planning Region	Darien	town		22528	2024	41.05215	-73.479714	ct-darien	census-gazetteer-2023-cousubs
0919033620	CT	Western Connecticut Planning Region	Greenwich	town		64594	2024	41.045366	-73.634018	ct-greenwich	census-gazetteer-2023-cousubs
0919050580	CT	Western Connecticut Planning Region	New Canaan	town		21160	2024	41.160393	-73.500124	ct-new-canaan	census-gazetteer-2023-cousubs
0919050860	CT	Western Connecticut Planning Region	New Fairfield	town		13651	2024	41.480318	-73.486863	ct-new-fairfield	census-gazetteer-2023-cousubs
0919052630	CT	Western Connecticut Planning Region	New Milford	town		28745	2024	41.601267	-73.422807	ct-new-milford	census-gazetteer-2023-cousubs
0919052980	CT	Western Connecticut Planning Region	Newtown	town		28029	2024	41.399503	-73.293982	ct-newtown	census-gazetteer-2023-cousubs
0919056060	CT	Western Connecticut Planning Region	Norwalk	town		93661	2024	41.092739	-73.419796	ct-norwalk	census-gazetteer-2023-cousubs
0919063480	CT	Western Connecticut Planning Region	Redding	town		8830	2024	41.305415	-73.392584	ct-redding	census-gazetteer-2023-cousubs
0919063970	CT	Western Connecticut Planning Region	Ridgefield	town		25300	2024	41.317675	-73.499837	ct-ridgefield	census-gazetteer-2023-cousubs
0919068310	CT	Western Connecticut Planning Region	Sherman	town		3601	2024	41.579418	-73.49769	ct-sherman	census-gazetteer-2023-cousubs
0919073070	CT	Western Connecticut Planning Region	Stamford	town		139134	2024	41.079611	-73.54608	ct-stamford	census-gazetteer-2023-cousubs
0919083430	CT	Western Connecticut Planning Region	Weston	town		10490	2024	41.227413	-73.367061	ct-weston	census-gazetteer-2023-cousubs
0919083500	CT	Western Connecticut Planning Region	Westport	town		27996	2024	41.120831	-73.343464	ct-westport	census-gazetteer-2023-cousubs
0919086370	CT	Western Connecticut Planning Region	Wilton	town		19255	2024	41.211277	-73.440977	ct-wilton	census-gazetteer-2023-cousubs
0902480	CT		Ball Pond	village_cdp				41.461651	-73.526846	ct-ball-pond	census-gazetteer-2023-place
0902550	CT		Baltic	village_cdp				41.609703	-72.081896	ct-baltic	census-gazetteer-2023-place
0904790	CT		Bethel	village_cdp				41.360293	-73.413942	ct-bethel-cdp	census-gazetteer-2023-place
0904945	CT		Bethlehem Village	village_cdp				41.643961	-73.202792	ct-bethlehem-village	census-gazetteer-2023-place
0904965	CT		Bigelow Corners	village_cdp				41.465011	-73.508198	ct-bigelow-corners	census-gazetteer-2023-place
0906050	CT		Blue Hills	village_cdp				41.813372	-72.695442	ct-blue-hills	census-gazetteer-2023-place
0906155	CT		Bogus Hill	village_cdp				41.508088	-73.462983	ct-bogus-hill	census-gazetteer-2023-place
0906680	CT		Botsford	village_cdp				41.358776	-73.267159	ct-botsford	census-gazetteer-2023-place
0907100	CT		Branchville	village_cdp				41.26784	-73.443369	ct-branchville	census-gazetteer-2023-place
0907345	CT		Branford Center	village_cdp				41.277654	-72.816095	ct-branford-center	census-gazetteer-2023-place
0908140	CT		Bridgewater	village_cdp				41.534781	-73.364582	ct-bridgewater-cdp	census-gazetteer-2023-place
0908770	CT		Broad Brook	village_cdp				41.911153	-72.541127	ct-broad-brook	census-gazetteer-2023-place
0909050	CT		Brookfield Center	village_cdp				41.462362	-73.387528	ct-brookfield-center	census-gazetteer-2023-place
0909120	CT		Brooklyn	village_cdp				41.789746	-71.954775	ct-brooklyn-cdp	census-gazetteer-2023-place
0910660	CT		Byram	village_cdp				41.001096	-73.65412	ct-byram	census-gazetteer-2023-place
0910870	CT		Canaan	village_cdp				42.04011	-73.332883	ct-canaan-cdp	census-gazetteer-2023-place
0911360	CT		Candlewood Isle	village_cdp				41.488531	-73.453284	ct-candlewood-isle	census-gazetteer-2023-place
0911430	CT		Candlewood Knolls	village_cdp				41.479055	-73.463613	ct-candlewood-knolls	census-gazetteer-2023-place
0911500	CT		Candlewood Lake Club	village_cdp				41.493143	-73.436793	ct-candlewood-lake-club	census-gazetteer-2023-place
0911640	CT		Candlewood Orchards	village_cdp				41.471615	-73.4373	ct-candlewood-orchards	census-gazetteer-2023-place
0911780	CT		Candlewood Shores	village_cdp				41.480054	-73.438045	ct-candlewood-shores	census-gazetteer-2023-place
0911990	CT		Cannondale	village_cdp				41.216158	-73.425264	ct-cannondale	census-gazetteer-2023-place
0912370	CT		Canton Valley	village_cdp				41.831557	-72.897743	ct-canton-valley	census-gazetteer-2023-place
0914200	CT		Cheshire Village	village_cdp				41.50409	-72.89687	ct-cheshire-village	census-gazetteer-2023-place
0914370	CT		Chester Center	village_cdp				41.403012	-72.456949	ct-chester-center	census-gazetteer-2023-place
0914615	CT		Chimney Point	village_cdp				41.501502	-73.441426	ct-chimney-point	census-gazetteer-2023-place
0915420	CT		Clinton	village_cdp				41.276405	-72.529	ct-clinton-cdp	census-gazetteer-2023-place
0915840	CT		Colchester	village_cdp				41.577592	-72.332742	ct-colchester-cdp	census-gazetteer-2023-place
0916085	CT		Coleytown	village_cdp				41.176904	-73.343358	ct-coleytown	census-gazetteer-2023-place
0916120	CT		Collinsville	village_cdp				41.822245	-72.924487	ct-collinsville	census-gazetteer-2023-place
0916525	CT		Compo	village_cdp				41.122758	-73.351528	ct-compo	census-gazetteer-2023-place
0916960	CT		Conning Towers-Nautilus Park	village_cdp				41.389239	-72.063784	ct-conning-towers-nautilus-park	census-gazetteer-2023-place
0917170	CT		Cornwall	village_cdp				41.844322	-73.332672	ct-cornwall-cdp	census-gazetteer-2023-place
0917310	CT		Cornwall Bridge	village_cdp				41.80618	-73.384388	ct-cornwall-bridge	census-gazetteer-2023-place
0917520	CT		Cos Cob	village_cdp				41.048594	-73.591901	ct-cos-cob	census-gazetteer-2023-place
0917835	CT		Coventry Lake	village_cdp				41.779173	-72.334021	ct-coventry-lake	census-gazetteer-2023-place
0918220	CT		Crystal Lake	village_cdp				41.933049	-72.381292	ct-crystal-lake	census-gazetteer-2023-place
0918675	CT		Daniels Farm	village_cdp				41.276903	-73.212263	ct-daniels-farm	census-gazetteer-2023-place
0918936	CT		Darien Downtown	village_cdp				41.076738	-73.469669	ct-darien-downtown	census-gazetteer-2023-place
0918990	CT		Dayville	village_cdp				41.844223	-71.882391	ct-dayville	census-gazetteer-2023-place
0919200	CT		Deep River Center	village_cdp				41.37886	-72.440493	ct-deep-river-center	census-gazetteer-2023-place
0920250	CT		Dodgingtown	village_cdp				41.379765	-73.352369	ct-dodgingtown	census-gazetteer-2023-place
0920740	CT		Durham	village_cdp				41.468922	-72.684525	ct-durham-cdp	census-gazetteer-2023-place
0921160	CT		East Brooklyn	village_cdp				41.792088	-71.906384	ct-east-brooklyn	census-gazetteer-2023-place
0922420	CT		East Hampton	village_cdp				41.573833	-72.484941	ct-east-hampton-cdp	census-gazetteer-2023-place
0922700	CT		East Hartford	village_cdp				41.760695	-72.607646	ct-east-hartford-cdp	census-gazetteer-2023-place
0922980	CT		East Haven	village_cdp				41.293453	-72.858994	ct-east-haven-cdp	census-gazetteer-2023-place
0924520	CT		East Village	village_cdp				41.36044	-73.186534	ct-east-village	census-gazetteer-2023-place
0926370	CT		Essex Village	village_cdp				41.356648	-72.393538	ct-essex-village	census-gazetteer-2023-place
0926698	CT		Fairfield University	village_cdp				41.158953	-73.257057	ct-fairfield-university	census-gazetteer-2023-place
0927390	CT		Falls Village	village_cdp				41.957627	-73.356208	ct-falls-village	census-gazetteer-2023-place
0930190	CT		Gales Ferry	village_cdp				41.421722	-72.084501	ct-gales-ferry	census-gazetteer-2023-place
0930470	CT		Gaylordsville	village_cdp				41.641723	-73.48096	ct-gaylordsville	census-gazetteer-2023-place
0930540	CT		Georgetown	village_cdp				41.241985	-73.435673	ct-georgetown	census-gazetteer-2023-place
0931270	CT		Glastonbury Center	village_cdp				41.700672	-72.599416	ct-glastonbury-center	census-gazetteer-2023-place
0931520	CT		Glenville	village_cdp				41.035221	-73.664156	ct-glenville	census-gazetteer-2023-place
0933480	CT		Greens Farms	village_cdp				41.124096	-73.322685	ct-greens-farms	census-gazetteer-2023-place
0933690	CT		Greenwich	village_cdp				41.027773	-73.626931	ct-greenwich-cdp	census-gazetteer-2023-place
0935020	CT		Guilford Center	village_cdp				41.280512	-72.676216	ct-guilford-center	census-gazetteer-2023-place
0937490	CT		Hawleyville	village_cdp				41.428912	-73.350443	ct-hawleyville	census-gazetteer-2023-place
0937770	CT		Hazardville	village_cdp				41.990889	-72.532044	ct-hazardville	census-gazetteer-2023-place
0937930	CT		Heritage Village	village_cdp				41.485917	-73.233294	ct-heritage-village	census-gazetteer-2023-place
0938050	CT		Higganum	village_cdp				41.490703	-72.557768	ct-higganum	census-gazetteer-2023-place
0939695	CT		Indian Field	village_cdp				41.019841	-73.608029	ct-indian-field	census-gazetteer-2023-place
0939747	CT		Inglenook	village_cdp				41.523066	-73.473539	ct-inglenook	census-gazetteer-2023-place
0940077	CT		Kellogg Point	village_cdp				41.46819	-73.459889	ct-kellogg-point	census-gazetteer-2023-place
0940150	CT		Kensington	village_cdp				41.625618	-72.768722	ct-kensington	census-gazetteer-2023-place
0940920	CT		Knollcrest	village_cdp				41.501191	-73.466875	ct-knollcrest	census-gazetteer-2023-place
0941226	CT		Lake Bungee	village_cdp				41.956526	-72.06903	ct-lake-bungee	census-gazetteer-2023-place
0941238	CT		Lake Chaffee	village_cdp				41.937955	-72.196959	ct-lake-chaffee	census-gazetteer-2023-place
0941410	CT		Lake Pocotopaug	village_cdp				41.601999	-72.501768	ct-lake-pocotopaug	census-gazetteer-2023-place
0941585	CT		Lakes East	village_cdp				41.330675	-73.492539	ct-lakes-east	census-gazetteer-2023-place
0941714	CT		Lakeside Woods	village_cdp				41.554808	-73.484017	ct-lakeside-woods	census-gazetteer-2023-place
0941736	CT		Lakes West	village_cdp				41.336323	-73.511943	ct-lakes-west	census-gazetteer-2023-place
0941830	CT		Lakeville	village_cdp				41.962149	-73.443297	ct-lakeville	census-gazetteer-2023-place
0943580	CT		Long Hill	village_cdp				41.266595	-73.228362	ct-long-hill	census-gazetteer-2023-place
0943790	CT		Long Hill	village_cdp				41.349614	-72.050529	ct-long-hill-cdp	census-gazetteer-2023-place
0944000	CT		Lordship	village_cdp				41.153023	-73.114229	ct-lordship	census-gazetteer-2023-place
0944630	CT		Madison Center	village_cdp				41.280223	-72.602272	ct-madison-center	census-gazetteer-2023-place
0944660	CT		Mamanasco Lake	village_cdp				41.318172	-73.529803	ct-mamanasco-lake	census-gazetteer-2023-place
0944690	CT		Manchester	village_cdp				41.77963	-72.520157	ct-manchester-cdp	census-gazetteer-2023-place
0945120	CT		Mansfield Center	village_cdp				41.767096	-72.186811	ct-mansfield-center	census-gazetteer-2023-place
0945995	CT		Mashantucket	village_cdp				41.464469	-71.974754	ct-mashantucket	census-gazetteer-2023-place
0946240	CT		Mechanicsville	village_cdp				41.950635	-71.885443	ct-mechanicsville	census-gazetteer-2023-place
0947990	CT		Mill Plain	village_cdp				41.154692	-73.268284	ct-mill-plain	census-gazetteer-2023-place
0949110	CT		Moodus	village_cdp				41.501892	-72.435536	ct-moodus	census-gazetteer-2023-place
0949180	CT		Moosup	village_cdp				41.716992	-71.875223	ct-moosup	census-gazetteer-2023-place
0949720	CT		Murray	village_cdp				41.197407	-73.289525	ct-murray	census-gazetteer-2023-place
0949810	CT		Mystic	village_cdp				41.355976	-71.955882	ct-mystic	census-gazetteer-2023-place
0950576	CT		New Canaan	village_cdp				41.141703	-73.490141	ct-new-canaan-cdp	census-gazetteer-2023-place
0951420	CT		New Hartford Center	village_cdp				41.88089	-72.972828	ct-new-hartford-center	census-gazetteer-2023-place
0952210	CT		Newington	village_cdp				41.686993	-72.730839	ct-newington-cdp	census-gazetteer-2023-place
0952560	CT		New Milford	village_cdp				41.580295	-73.403934	ct-new-milford-cdp	census-gazetteer-2023-place
0952770	CT		New Preston	village_cdp				41.691307	-73.334403	ct-new-preston	census-gazetteer-2023-place
0953120	CT		Niantic	village_cdp				41.316749	-72.199878	ct-niantic	census-gazetteer-2023-place
0953260	CT		Noank	village_cdp				41.337502	-71.997557	ct-noank	census-gazetteer-2023-place
0953400	CT		Norfolk	village_cdp				41.991706	-73.194041	ct-norfolk-cdp	census-gazetteer-2023-place
0953540	CT		Noroton	village_cdp				41.058356	-73.490526	ct-noroton	census-gazetteer-2023-place
0953610	CT		Noroton Heights	village_cdp				41.074091	-73.497221	ct-noroton-heights	census-gazetteer-2023-place
0954450	CT		Northford	village_cdp				41.395805	-72.783181	ct-northford	census-gazetteer-2023-place
0954660	CT		North Granby	village_cdp				42.015989	-72.843177	ct-north-granby	census-gazetteer-2023-place
0954730	CT		North Grosvenor Dale	village_cdp				41.986235	-71.903336	ct-north-grosvenor-dale	census-gazetteer-2023-place
0954940	CT		North Haven	village_cdp				41.381465	-72.856371	ct-north-haven-cdp	census-gazetteer-2023-place
0955725	CT		Northwest Harwinton	village_cdp				41.776446	-73.079487	ct-northwest-harwinton	census-gazetteer-2023-place
0956690	CT		Oakville	village_cdp				41.588972	-73.090475	ct-oakville	census-gazetteer-2023-place
0956900	CT		Old Greenwich	village_cdp				41.020119	-73.567675	ct-old-greenwich	census-gazetteer-2023-place
0956935	CT		Old Hill	village_cdp				41.149936	-73.379378	ct-old-hill	census-gazetteer-2023-place
0957180	CT		Old Mystic	village_cdp				41.383632	-71.986246	ct-old-mystic	census-gazetteer-2023-place
0957390	CT		Old Saybrook Center	village_cdp				41.286632	-72.358179	ct-old-saybrook-center	census-gazetteer-2023-place
0957670	CT		Orange	village_cdp				41.284951	-73.024637	ct-orange-cdp	census-gazetteer-2023-place
0957880	CT		Oronoque	village_cdp				41.259164	-73.110639	ct-oronoque	census-gazetteer-2023-place
0958520	CT		Oxoboxo River	village_cdp				41.444859	-72.126864	ct-oxoboxo-river	census-gazetteer-2023-place
0959140	CT		Pawcatuck	village_cdp				41.37389	-71.856422	ct-pawcatuck	census-gazetteer-2023-place
0959210	CT		Pemberwick	village_cdp				41.018188	-73.656203	ct-pemberwick	census-gazetteer-2023-place
0960090	CT		Plainfield Village	village_cdp				41.675183	-71.924707	ct-plainfield-village	census-gazetteer-2023-place
0960260	CT		Plantsville	village_cdp				41.583161	-72.89185	ct-plantsville	census-gazetteer-2023-place
0960365	CT		Plattsville	village_cdp				41.225936	-73.259096	ct-plattsville	census-gazetteer-2023-place
0960540	CT		Pleasant Valley	village_cdp				41.908327	-72.992311	ct-pleasant-valley	census-gazetteer-2023-place
0961555	CT		Poplar Plains	village_cdp				41.168872	-73.378238	ct-poplar-plains	census-gazetteer-2023-place
0961730	CT		Poquonock Bridge	village_cdp				41.336426	-72.012268	ct-poquonock-bridge	census-gazetteer-2023-place
0961870	CT		Portland	village_cdp				41.577463	-72.619788	ct-portland-cdp	census-gazetteer-2023-place
0962640	CT		Putnam	village_cdp				41.916752	-71.910703	ct-putnam-cdp	census-gazetteer-2023-place
0963165	CT		Quasset Lake	village_cdp				41.922298	-71.981379	ct-quasset-lake	census-gazetteer-2023-place
0963270	CT		Quinebaug	village_cdp				42.011476	-71.926066	ct-quinebaug	census-gazetteer-2023-place
0963313	CT		Quinnipiac University	village_cdp				41.420102	-72.893614	ct-quinnipiac-university	census-gazetteer-2023-place
0963620	CT		Redding Center	village_cdp				41.306663	-73.383024	ct-redding-center	census-gazetteer-2023-place
0963830	CT		Ridgebury	village_cdp				41.356764	-73.535893	ct-ridgebury	census-gazetteer-2023-place
0963900	CT		Ridgefield	village_cdp				41.269688	-73.492611	ct-ridgefield-cdp	census-gazetteer-2023-place
0964530	CT		Riverside	village_cdp				41.030093	-73.583719	ct-riverside	census-gazetteer-2023-place
0964880	CT		Riverton	village_cdp				41.963141	-73.016558	ct-riverton	census-gazetteer-2023-place
0965160	CT		Rock Ridge	village_cdp				41.03442	-73.648396	ct-rock-ridge	census-gazetteer-2023-place
0965230	CT		Rockville	village_cdp				41.866519	-72.45127	ct-rockville	census-gazetteer-2023-place
0965685	CT		Route 7 Gateway	village_cdp				41.318764	-73.475382	ct-route-7-gateway	census-gazetteer-2023-place
0966086	CT		Sacred Heart University	village_cdp				41.22148	-73.2442	ct-sacred-heart-university	census-gazetteer-2023-place
0966113	CT		Sail Harbor	village_cdp				41.52419	-73.464218	ct-sail-harbor	census-gazetteer-2023-place
0966455	CT		Salmon Brook	village_cdp				41.957486	-72.791896	ct-salmon-brook	census-gazetteer-2023-place
0966700	CT		Sandy Hook	village_cdp				41.409	-73.24263	ct-sandy-hook	census-gazetteer-2023-place
0966770	CT		Saugatuck	village_cdp				41.112131	-73.368771	ct-saugatuck	census-gazetteer-2023-place
0967050	CT		Saybrook Manor	village_cdp				41.28343	-72.406605	ct-saybrook-manor	census-gazetteer-2023-place
0967890	CT		Sharon	village_cdp				41.879026	-73.46163	ct-sharon-cdp	census-gazetteer-2023-place
0968240	CT		Sherman	village_cdp				41.572108	-73.495064	ct-sherman-cdp	census-gazetteer-2023-place
0968450	CT		Sherwood Manor	village_cdp				42.011167	-72.567378	ct-sherwood-manor	census-gazetteer-2023-place
0969010	CT		Simsbury Center	village_cdp				41.880599	-72.806737	ct-simsbury-center	census-gazetteer-2023-place
0969150	CT		Somers	village_cdp				41.991685	-72.445123	ct-somers-cdp	census-gazetteer-2023-place
0969990	CT		South Coventry	village_cdp				41.756752	-72.301731	ct-south-coventry	census-gazetteer-2023-place
0971040	CT		Southport	village_cdp				41.13494	-73.287125	ct-southport	census-gazetteer-2023-place
0971215	CT		South Wilton	village_cdp				41.172295	-73.416966	ct-south-wilton	census-gazetteer-2023-place
0971250	CT		South Windham	village_cdp				41.684189	-72.182474	ct-south-windham	census-gazetteer-2023-place
0971460	CT		Southwood Acres	village_cdp				41.958197	-72.57264	ct-southwood-acres	census-gazetteer-2023-place
0971530	CT		South Woodstock	village_cdp				41.929585	-71.955645	ct-south-woodstock	census-gazetteer-2023-place
0972300	CT		Stafford Springs	village_cdp				41.967856	-72.306381	ct-stafford-springs	census-gazetteer-2023-place
0973175	CT		Staples	village_cdp				41.155369	-73.325627	ct-staples	census-gazetteer-2023-place
0973280	CT		Stepney	village_cdp				41.324356	-73.268391	ct-stepney	census-gazetteer-2023-place
0973980	CT		Storrs	village_cdp				41.808938	-72.251617	ct-storrs	census-gazetteer-2023-place
0974303	CT		Stratford Downtown	village_cdp				41.198849	-73.12767	ct-stratford-downtown	census-gazetteer-2023-place
0974655	CT		Suffield Depot	village_cdp				41.985212	-72.63925	ct-suffield-depot	census-gazetteer-2023-place
0975065	CT		Taylor Corners	village_cdp				41.446413	-73.528687	ct-taylor-corners	census-gazetteer-2023-place
0975100	CT		Tariffville	village_cdp				41.907559	-72.76818	ct-tariffville	census-gazetteer-2023-place
0975116	CT		Tashua	village_cdp				41.275019	-73.254445	ct-tashua	census-gazetteer-2023-place
0975200	CT		Terramuggus	village_cdp				41.633568	-72.471824	ct-terramuggus	census-gazetteer-2023-place
0975240	CT		Terryville	village_cdp				41.677838	-73.007933	ct-terryville	census-gazetteer-2023-place
0975660	CT		Thomaston	village_cdp				41.676849	-73.083014	ct-thomaston-cdp	census-gazetteer-2023-place
0975940	CT		Thompsonville	village_cdp				41.99214	-72.596522	ct-thompsonville	census-gazetteer-2023-place
0976150	CT		Tokeneke	village_cdp				41.053462	-73.462564	ct-tokeneke	census-gazetteer-2023-place
0976400	CT		Topstone	village_cdp				41.296308	-73.44657	ct-topstone	census-gazetteer-2023-place
0977278	CT		Trumbull Center	village_cdp				41.242397	-73.183483	ct-trumbull-center	census-gazetteer-2023-place
0978880	CT		Wallingford Center	village_cdp				41.449917	-72.818334	ct-wallingford-center	census-gazetteer-2023-place
0980210	CT		Waterford	village_cdp				41.346273	-72.129342	ct-waterford-cdp	census-gazetteer-2023-place
0980420	CT		Watertown	village_cdp				41.601155	-73.121468	ct-watertown-cdp	census-gazetteer-2023-place
0980630	CT		Wauregan	village_cdp				41.750474	-71.914862	ct-wauregan	census-gazetteer-2023-place
0980770	CT		Weatogue	village_cdp				41.847241	-72.829769	ct-weatogue	census-gazetteer-2023-place
0981750	CT		Westbrook Center	village_cdp				41.281404	-72.442347	ct-westbrook-center	census-gazetteer-2023-place
0982030	CT		West Cornwall	village_cdp				41.864205	-73.360788	ct-west-cornwall	census-gazetteer-2023-place
0982660	CT		West Hartford	village_cdp				41.766568	-72.754944	ct-west-hartford-cdp	census-gazetteer-2023-place
0983045	CT		West Mountain	village_cdp				41.300077	-73.542315	ct-west-mountain	census-gazetteer-2023-place
0983360	CT		Weston	village_cdp				41.203236	-73.378781	ct-weston-cdp	census-gazetteer-2023-place
0983586	CT		Westport Village	village_cdp				41.143351	-73.360253	ct-westport-village	census-gazetteer-2023-place
0983990	CT		West Simsbury	village_cdp				41.87573	-72.845071	ct-west-simsbury	census-gazetteer-2023-place
0984970	CT		Wethersfield	village_cdp				41.702484	-72.669301	ct-wethersfield-cdp	census-gazetteer-2023-place
0985810	CT		Willimantic	village_cdp				41.716557	-72.211733	ct-willimantic	census-gazetteer-2023-place
0986380	CT		Wilton Center	village_cdp				41.191279	-73.426163	ct-wilton-center	census-gazetteer-2023-place
0987140	CT		Windsor Locks	village_cdp				41.92779	-72.651616	ct-windsor-locks-cdp	census-gazetteer-2023-place
0987350	CT		Winsted	village_cdp				41.925848	-73.067543	ct-winsted	census-gazetteer-2023-place
0987455	CT		Witches Woods	village_cdp				41.946406	-72.074233	ct-witches-woods	census-gazetteer-2023-place
0987980	CT		Woodbury Center	village_cdp				41.54387	-73.204857	ct-woodbury-center	census-gazetteer-2023-place
